subject,predictor,mean,sd,lo,hi
101,share_k_z,0.05433360770433397,0.03591916167684644,-0.0203643207273699,0.12369851173451626
101,dist_cw_z,-0.022915847074427335,0.03917775835765378,-0.10003442283344542,0.057109666829659914
101,dist_ccw_z,-0.10411770263583517,0.049395838136886805,-0.19868193263211167,-0.007899181401951285
101,enc_lag_fwd_z,0.0950300784071232,0.0918565453317174,-0.06977075842243682,0.2865570664044054
101,enc_lag_bwd_z,0.042556050940627706,0.08488000605605779,-0.11860422134229252,0.21535810126916485
101,is_primacy_k_z,-0.0957788643081748,0.0627115226780706,-0.22358358425377273,0.02122157615902529
101,is_recency_k_z,-0.040189588166604936,0.05947230785697985,-0.16877793463930016,0.06151293966134276
101,abs_reward_k_z,0.012853023131667857,0.05001715384857407,-0.0860438436634396,0.11169537246239182
101,signed_reward_k_z,0.0038020462185495373,0.04134664057561218,-0.07750169976764892,0.0870558119124537
101,is_prev_fixation_k_z,0.09392956335246672,0.0471947752797045,-5.558654124326027e-4,0.18662610328006662
103,share_k_z,0.059966701087567735,0.03701487011450631,-0.013912204843881597,0.13506585981821403
103,dist_cw_z,-0.09990258620028997,0.03877698653469965,-0.18013827999317203,-0.025117383327326645
103,dist_ccw_z,-0.11421619527318191,0.04335049658715954,-0.1978375332099878,-0.029813368288964328
103,enc_lag_fwd_z,-0.050185236640557206,0.0871367150484963,-0.21042496595585652,0.1313196956045638
103,enc_lag_bwd_z,-0.14754892425257501,0.087136501197742,-0.32631196798442175,0.017533036122186048
103,is_primacy_k_z,0.14563158902296489,0.06062769072360651,0.02699674803968986,0.2657379936027668
103,is_recency_k_z,-0.09471476848367327,0.06883682776604438,-0.23791230785191686,0.024894660401350664
103,abs_reward_k_z,-0.10655144164316063,0.05574490868527456,-0.213972982503388,-9.909112239477737e-4
103,signed_reward_k_z,-0.06721690913588795,0.05147647300846651,-0.1674326348488048,0.02902170887446536
103,is_prev_fixation_k_z,0.2836556621168516,0.033589847374109416,0.21454596045655247,0.3478503468426775
104,share_k_z,0.061065313540162904,0.051865747039989744,-0.042859394250677994,0.16511427204020862
104,dist_cw_z,-0.0703087672048196,0.05613907048087866,-0.18781918053303293,0.04043385694789101
104,dist_ccw_z,-0.09555599330844348,0.09191696900355727,-0.2770217393761304,0.08634574805324494
104,enc_lag_fwd_z,-0.059912659288339394,0.11920955183305842,-0.2874940145655174,0.18454848604103674
104,enc_lag_bwd_z,0.028573699721458554,0.13417698775829967,-0.21732003153405455,0.3059292222281101
104,is_primacy_k_z,0.018280107111121442,0.08373493442000866,-0.14433224608010806,0.18010762172130002
104,is_recency_k_z,0.06024067580128558,0.07984564482400786,-0.07965101428584027,0.24005341317565
104,abs_reward_k_z,0.012827553747664585,0.07595978638616087,-0.13344796493972425,0.1631144125503698
104,signed_reward_k_z,0.030935928726301312,0.05856326863542704,-0.0795678307550099,0.14853336890075083
104,is_prev_fixation_k_z,0.02549145636740426,0.11544944153340198,-0.20841605476890673,0.24549115356259713
105,share_k_z,0.07349697644409682,0.055210463005491414,-0.03525968543054152,0.18425357305884998
105,dist_cw_z,-0.021177233153155006,0.0612227414963168,-0.13810778902041487,0.11631056924070823
105,dist_ccw_z,0.06370077616567014,0.09943261923125062,-0.11136997708329804,0.26788256267735605
105,enc_lag_fwd_z,-0.038310025145520385,0.1288831375190766,-0.2895558408598322,0.21337890793604491
105,enc_lag_bwd_z,0.09265167731126162,0.14103037704088925,-0.17247449955137859,0.38200815395813187
105,is_primacy_k_z,-0.036604214164363595,0.09010655881660472,-0.21573107181168716,0.14157032128034042
105,is_recency_k_z,0.032065137441036444,0.08442369242082139,-0.13331820860176527,0.20336685301210275
105,abs_reward_k_z,0.037498115606257994,0.08273113571354071,-0.126919135241357,0.1949582625958056
105,signed_reward_k_z,-5.372201424438851e-4,0.06627704206773634,-0.1332063846550674,0.12825638467354988
105,is_prev_fixation_k_z,-0.1439647791346547,0.10828296906471227,-0.35808039830552435,0.05747787661224336
106,share_k_z,0.029073182812542536,0.04938282547218665,-0.08296000978430045,0.11496540846982013
106,dist_cw_z,-0.09228067136121951,0.04701692811607184,-0.19476617420238304,-0.008200958177906234
106,dist_ccw_z,-0.1813319767658814,0.07385138508208838,-0.33076295769424496,-0.0394322607159203
106,enc_lag_fwd_z,-0.12192663274027689,0.10334510477126162,-0.3316728031464142,0.07414038076991016
106,enc_lag_bwd_z,-0.02610622335739757,0.1032259684509176,-0.22731438277130367,0.18378212778637068
106,is_primacy_k_z,-0.04079474663082283,0.0748199692566791,-0.19559883100610786,0.09603496259835893
106,is_recency_k_z,0.06471708994599341,0.07334937797074743,-0.06327383207859383,0.22649764448780663
106,abs_reward_k_z,0.013532073061253699,0.06240327510330051,-0.10776118481822648,0.13296670895734294
106,signed_reward_k_z,0.056110624026357234,0.05070704398729143,-0.0358257816970243,0.16448406320793707
106,is_prev_fixation_k_z,0.1241211845309517,0.07068076253174108,-0.012978371040896818,0.26224032787688795
108,share_k_z,0.09885686609715573,0.037471072224286646,0.031025889110511084,0.1768761785727373
108,dist_cw_z,-0.07240174601960493,0.033929737976850304,-0.13981456916318064,-0.006000928688373327
108,dist_ccw_z,-0.04089385603294133,0.043599951351414326,-0.1212832342634589,0.04682883150278509
108,enc_lag_fwd_z,-0.17165210575290063,0.07373775476145822,-0.3178902789283779,-0.029332741556768724
108,enc_lag_bwd_z,-0.22979277067387016,0.08149067198670934,-0.39921243587517075,-0.08245429834718325
108,is_primacy_k_z,0.008936762624464209,0.05462443337064538,-0.10000640135745535,0.11486509671231687
108,is_recency_k_z,0.00947117638091414,0.05156375494593805,-0.09293687470728985,0.1107381783634265
108,abs_reward_k_z,0.029945168968867463,0.04149272794083348,-0.05022036489331778,0.11496439912800022
108,signed_reward_k_z,0.0674460740002696,0.038643859802891214,-0.006325578140225754,0.14689173221362084
108,is_prev_fixation_k_z,0.17583501313863628,0.03732723355392684,0.10324832911409182,0.24816179761848
109,share_k_z,0.07564039829108259,0.053205130861439194,-0.025599561167632314,0.18756604603648427
109,dist_cw_z,-0.0597035113600307,0.0542779628916102,-0.1662451099196856,0.053967431468170256
109,dist_ccw_z,-0.13236419500974636,0.09072994814723107,-0.3143886121480242,0.03874702591892335
109,enc_lag_fwd_z,-0.06641386075736357,0.12127816751654714,-0.3053337400141919,0.18222450650475508
109,enc_lag_bwd_z,-0.06660006026520293,0.12491229855767379,-0.32810475471562894,0.17425007003336407
109,is_primacy_k_z,0.04547503150270809,0.08567656552111043,-0.11574622803504928,0.22821695092357347
109,is_recency_k_z,0.054816235278255854,0.0800505245988956,-0.08195948534692654,0.23319793419187196
109,abs_reward_k_z,-0.005170359952022374,0.07747472332459339,-0.1629702233247726,0.1460050822012958
109,signed_reward_k_z,0.012618016222247367,0.06040032171658156,-0.10953829801034093,0.13756409443339151
109,is_prev_fixation_k_z,0.13496615557992314,0.10890813933679896,-0.07348685430912542,0.3525948125672976
110,share_k_z,0.013150086206817959,0.02999785590150391,-0.0457275761747265,0.06863606443396725
110,dist_cw_z,-0.02676699255355394,0.02944959635302921,-0.08252485046132645,0.033181532596839355
110,dist_ccw_z,-0.06608756557177906,0.034142095702073466,-0.13479088511517012,-0.00014697606156742366
110,enc_lag_fwd_z,-0.059960258745113,0.06051007687270438,-0.17631714369683976,0.055169026942795484
110,enc_lag_bwd_z,0.0692422968492685,0.06690154238369136,-0.06099541568992473,0.20316472827369814
110,is_primacy_k_z,0.032822826144174394,0.04481059973638349,-0.05760452027685769,0.11896915914489657
110,is_recency_k_z,0.0343756838770393,0.04366103887233745,-0.04961088619158848,0.12199747610145306
110,abs_reward_k_z,0.09228577417976944,0.03421490969239381,0.025177223988237758,0.15793852264446198
110,signed_reward_k_z,5.521967190807769e-4,0.027854479061257025,-0.05385836636030911,0.05405108339335885
110,is_prev_fixation_k_z,0.19580456313957992,0.028534466842879875,0.1416593016952471,0.2529475986457174
111,share_k_z,0.06976793094058387,0.05728303373414593,-0.04148047374618497,0.1923314029017299
111,dist_cw_z,-0.08065445980625972,0.0614264750190048,-0.2154389611497106,0.03405644460180253
111,dist_ccw_z,-0.12586645014145145,0.11026321428968447,-0.34803708805381844,0.08129318311884172
111,enc_lag_fwd_z,-0.06267497011908142,0.1349931640842406,-0.3330508967088846,0.20886619789122068
111,enc_lag_bwd_z,0.033584489118151095,0.1386550839279235,-0.24241961731630335,0.31775871218628715
111,is_primacy_k_z,-0.009638409041294285,0.09521246006672614,-0.20315365909504335,0.1777040578165909
111,is_recency_k_z,0.03199271926149445,0.08457913900564148,-0.12950278256462117,0.21161516704112404
111,abs_reward_k_z,0.007379664665569469,0.08356156373162389,-0.1581556463485596,0.17625358811907807
111,signed_reward_k_z,-0.005377290336210497,0.06762553450936486,-0.14728565057967527,0.1274359373896444
111,is_prev_fixation_k_z,-0.07071182485769241,0.15496886567099977,-0.3807717945859554,0.215503972981759
113,share_k_z,0.07209597062665028,0.05700603575898086,-0.03713209158496511,0.1967419098124008
113,dist_cw_z,-0.08769043969176962,0.05939290196279619,-0.21786203774487464,0.020855252171470176
113,dist_ccw_z,-0.1538888067066632,0.0989233553544648,-0.3589897224919851,0.030343242055379083
113,enc_lag_fwd_z,-0.023380657873116904,0.13474232357587063,-0.28066339163329646,0.25545999426728866
113,enc_lag_bwd_z,0.05982114856487276,0.1403273415147263,-0.20389919176877858,0.3466200658274898
113,is_primacy_k_z,-0.029382965617284453,0.0947490193317101,-0.22374687618447855,0.15412859776601723
113,is_recency_k_z,0.0386167777752874,0.08381294168660582,-0.11615540300293277,0.21980935362276255
113,abs_reward_k_z,0.012015813501842958,0.0862102786008675,-0.16879736548094273,0.181666087128379
113,signed_reward_k_z,0.020183146176764654,0.063492062874187,-0.09665759610817311,0.15569578297041017
113,is_prev_fixation_k_z,-0.12164377207444654,0.13253665491983518,-0.39987173067055687,0.11670765739371138
114,share_k_z,0.07092412820652721,0.0318486265894793,0.01023339132190143,0.13709037428543105
114,dist_cw_z,0.004196497385158956,0.03735183156344105,-0.06340873138206174,0.08299225794196874
114,dist_ccw_z,-0.041087927998801364,0.04080048506960857,-0.11762635858263605,0.03868734231199065
114,enc_lag_fwd_z,-0.030224832062712818,0.07690202632248903,-0.17945276367029125,0.12496137756706578
114,enc_lag_bwd_z,-0.19203797981002527,0.07355313419702521,-0.3414591447079345,-0.047555422799988034
114,is_primacy_k_z,0.06965620850793493,0.05540041794638157,-0.03937153779203159,0.17917421770830538
114,is_recency_k_z,0.05851002155371653,0.04897136270198495,-0.031029082000870963,0.1559867114164307
114,abs_reward_k_z,-0.00475615883624505,0.03984314666547768,-0.08309773034769365,0.07257070331044037
114,signed_reward_k_z,-0.003478923962897395,0.03460016158344651,-0.07329221998323045,0.06261610106238134
114,is_prev_fixation_k_z,0.29037975323202225,0.032488514898738254,0.2254437489742827,0.35291719749720696
115,share_k_z,0.05501110978758313,0.037934369737572436,-0.022165568322495444,0.13125335138086966
115,dist_cw_z,-0.04256349106880143,0.03870644228021247,-0.11694172519623529,0.03653838595460263
115,dist_ccw_z,-0.08634127863905784,0.05166085697110155,-0.18560898158478428,0.01585932561519393
115,enc_lag_fwd_z,-0.03313851334373752,0.08958934303303666,-0.21052884609565717,0.14368917890145408
115,enc_lag_bwd_z,-0.052075763992199126,0.08902845083307692,-0.22606389305555072,0.12145984742503949
115,is_primacy_k_z,0.030249931080451698,0.062226024450828345,-0.09054852964879889,0.15645419306707783
115,is_recency_k_z,0.06666476518144347,0.05899094245312714,-0.03733690385408462,0.19193014078926862
115,abs_reward_k_z,0.008333239377699236,0.047335916595447045,-0.08363098044150748,0.1012421071987466
115,signed_reward_k_z,-0.003412442823031449,0.04185660453530589,-0.08942614650404938,0.0792708616739042
115,is_prev_fixation_k_z,0.1366554805514809,0.051109527463741866,0.030347355898600294,0.23790331354655664
116,share_k_z,0.03353126908898293,0.025901427437897053,-0.01807429020861287,0.08273281569284725
116,dist_cw_z,-0.10083218320791813,0.024380216762031507,-0.1483470916414306,-0.05452552070530726
116,dist_ccw_z,-0.0990870414552036,0.025691715476955552,-0.1499694451416102,-0.04777617256005619
116,enc_lag_fwd_z,-0.17770355513455727,0.04942234330451393,-0.27338612004882157,-0.07866142315510033
116,enc_lag_bwd_z,-0.16723690749751582,0.05261214018210973,-0.26962201846101796,-0.06669391006884078
116,is_primacy_k_z,0.04460898810467956,0.03548527297591588,-0.02563776399234252,0.11377857883203502
116,is_recency_k_z,0.007740266139449746,0.034996596538083236,-0.06435631127976985,0.07898008842248254
116,abs_reward_k_z,0.09917915586946671,0.03185739412252198,0.03882695098072388,0.16247602733317024
116,signed_reward_k_z,0.029105497163833788,0.025874121546461924,-0.02310347437085037,0.07865218093350819
116,is_prev_fixation_k_z,0.20918526799287665,0.021525239025866442,0.16721964138555456,0.2511210810497679
117,share_k_z,0.0728835458115738,0.04366210560366684,-0.01402944645711902,0.16021326475350955
117,dist_cw_z,-0.09079769814007417,0.04784606694583036,-0.18966216091269814,-0.003699758616522303
117,dist_ccw_z,-0.18993700894656032,0.07162418868566303,-0.3323991077889344,-0.05353818155182928
117,enc_lag_fwd_z,-0.0316551828583088,0.10248004671123287,-0.22195894377966718,0.185255141716906
117,enc_lag_bwd_z,-0.03399490092925764,0.10764427599400216,-0.24878234217473408,0.18345009063424444
117,is_primacy_k_z,-0.020297599577740702,0.06949629775093054,-0.166420494511417,0.1142990787138395
117,is_recency_k_z,-0.03516979530872012,0.06889891081244127,-0.18386632231986044,0.09036029939613378
117,abs_reward_k_z,0.03789503952791576,0.06482333819829171,-0.09165434905325788,0.16409189839347366
117,signed_reward_k_z,0.060909186224212326,0.05567672188874194,-0.03767729351341865,0.18178745377026906
117,is_prev_fixation_k_z,0.1547325427882421,0.05701149230198088,0.04020822404990994,0.26393264177129216
118,share_k_z,0.08572746423437669,0.04316296209171047,0.004314906270259635,0.1773213721432319
118,dist_cw_z,-0.04614702952385318,0.043704014705232164,-0.13100738773600634,0.04210549982895354
118,dist_ccw_z,0.013114084354845353,0.061940676681829634,-0.10827459886356791,0.138038600325333
118,enc_lag_fwd_z,-0.08521153491054198,0.09738004057829823,-0.2816287005391552,0.09729546476027934
118,enc_lag_bwd_z,-0.014450911746222721,0.09959364583886642,-0.20690556784481862,0.1954547908380389
118,is_primacy_k_z,-0.06496378034771243,0.07102956966810961,-0.20746379295808842,0.07152126821863762
118,is_recency_k_z,0.04691422210512159,0.06735504875870356,-0.07831380330189547,0.19394665923752685
118,abs_reward_k_z,0.014098050353747445,0.0606009335944157,-0.1054727568150198,0.13077520924630898
118,signed_reward_k_z,0.009916207513408876,0.04988337402447574,-0.08927122968910549,0.11232777981261222
118,is_prev_fixation_k_z,-0.06029280067948155,0.0667757216347328,-0.19733510779927343,0.06417600412125056
119,share_k_z,0.026424232107669792,0.04588921547787478,-0.0668278636871525,0.1151355023375252
119,dist_cw_z,-0.1199265168246757,0.053060012994513385,-0.23987380152352808,-0.026079292435321904
119,dist_ccw_z,-0.16655504643129895,0.0745360477865031,-0.31714949488154603,-0.023406093710742572
119,enc_lag_fwd_z,-0.197479896417041,0.1073449594771013,-0.4234164118368283,-0.006979149533209517
119,enc_lag_bwd_z,0.09659974696835608,0.12410726555610282,-0.12919176422712406,0.35442542817205774
119,is_primacy_k_z,0.08835935087983313,0.07545908244242043,-0.055215340090273846,0.24479794603953137
119,is_recency_k_z,0.1077109299183441,0.08422117222242405,-0.028785114323561834,0.2887040756736179
119,abs_reward_k_z,0.02844618987369461,0.06363740736615214,-0.09843744982244543,0.15333502955586947
119,signed_reward_k_z,0.025716603648452744,0.05141565139900011,-0.07411690554860972,0.125379450872672
119,is_prev_fixation_k_z,0.13408020758124542,0.06209440803187424,0.010225004800211554,0.25301861694608896
120,share_k_z,0.047757959057559314,0.03936612677777128,-0.031892946584783054,0.12370034952711904
120,dist_cw_z,-0.06295215300448571,0.042514463516808605,-0.14972428148212397,0.020823581366616307
120,dist_ccw_z,-0.017855582414491786,0.05833919484593408,-0.12958066114720343,0.09512781477577713
120,enc_lag_fwd_z,-0.05495702932032889,0.09111971343296761,-0.22730012897893534,0.1225081227092783
120,enc_lag_bwd_z,0.02610882425789316,0.09767098155264428,-0.15929019107339276,0.2192248414581548
120,is_primacy_k_z,-0.05094960523197861,0.0644594552938767,-0.1773807111524906,0.0765744568571095
120,is_recency_k_z,-0.02787286315692663,0.06359494663419507,-0.16433572412661682,0.08933416768920287
120,abs_reward_k_z,0.010030444511157439,0.05543316281534654,-0.09847989758008016,0.1186876102945022
120,signed_reward_k_z,-0.03826549947483942,0.04623348268786083,-0.1337932940322121,0.049235811593347154
120,is_prev_fixation_k_z,-0.036894315723979984,0.05873961330057803,-0.15266458948969608,0.07452830779460105
122,share_k_z,0.06680805607504249,0.04640561481373506,-0.02137065270480215,0.16538200983025908
122,dist_cw_z,-0.06143477931982945,0.045865724418849216,-0.1488146209949171,0.029205775775046437
122,dist_ccw_z,-0.07016241102819758,0.06923986134800544,-0.20547368297257645,0.06730085436035131
122,enc_lag_fwd_z,-0.16779157512627285,0.1055335851671494,-0.3953553943768551,0.019409199997640243
122,enc_lag_bwd_z,-0.011071869470520771,0.11417951247308929,-0.23895848749650683,0.21593014270187977
122,is_primacy_k_z,0.0292837534356307,0.07191051383649306,-0.11039282701212919,0.1710866628533275
122,is_recency_k_z,0.10830978229181877,0.08472539398836271,-0.026929585106419844,0.2942027503127651
122,abs_reward_k_z,0.11363255302686144,0.06817226032306041,-0.01114756433592186,0.24879518890574664
122,signed_reward_k_z,0.030145944042300293,0.05114897763852943,-0.07069791216878094,0.13157206285554288
122,is_prev_fixation_k_z,0.04526500001711202,0.06097435683425794,-0.07436952075182697,0.16165091651044594
123,share_k_z,0.08863028015945451,0.03402364754838371,0.02483055879893656,0.15992820954975945
123,dist_cw_z,-0.045607943822032086,0.03649011170700719,-0.11718065529206491,0.02653407097868315
123,dist_ccw_z,-0.17298027896690088,0.047490400923202565,-0.26823450031520274,-0.08564442664255918
123,enc_lag_fwd_z,0.07990423072809533,0.08099128412823456,-0.07583334109446477,0.24071705684977934
123,enc_lag_bwd_z,-0.04362611821206954,0.08153424953257296,-0.20343175651973652,0.11469855313581029
123,is_primacy_k_z,-0.06729893359088707,0.05690834346069778,-0.18185990863393994,0.039965620508247326
123,is_recency_k_z,0.00936115958431781,0.05180434029388844,-0.09499663500104509,0.11438432311939609
123,abs_reward_k_z,-0.0020788739436915548,0.042530451821836915,-0.08616079116285748,0.08254846996593107
123,signed_reward_k_z,-0.02692332743647135,0.035367713178034506,-0.09705204629936123,0.03940900944084269
123,is_prev_fixation_k_z,0.00467843324657749,0.044653596488981484,-0.08441473766465944,0.08932930055218409
124,share_k_z,0.093846312225827,0.04023351605015057,0.018525864096912346,0.17634915631355885
124,dist_cw_z,-0.05672296959069592,0.04050865024657882,-0.1348433096173557,0.02413513703802178
124,dist_ccw_z,-0.08808919588935162,0.055077758635145635,-0.19403139051900434,0.020164312908583913
124,enc_lag_fwd_z,-0.050924547374668706,0.09290789751513849,-0.23055999899018348,0.13242177025254087
124,enc_lag_bwd_z,0.059270807759230416,0.09600988558101121,-0.1250045437906413,0.2599607544947567
124,is_primacy_k_z,-0.0354459140212821,0.06443107722863044,-0.16222833641498483,0.08950678020070933
124,is_recency_k_z,0.0765107761889884,0.06855350509597014,-0.0458173920636571,0.22448212410604548
124,abs_reward_k_z,-0.014188627019927333,0.05366617173272172,-0.11904824286469318,0.08811570776696838
124,signed_reward_k_z,0.010420071141538218,0.045348714121017486,-0.07616289541732342,0.10033359209510201
124,is_prev_fixation_k_z,-0.09810092375719973,0.05908299064075222,-0.2221637979229303,0.011401451531565621
125,share_k_z,0.11974395234508445,0.039594128261762424,0.04759859749515261,0.2014428183637071
125,dist_cw_z,-0.10372054178634281,0.03431995385222387,-0.17276213420935196,-0.03906220118929458
125,dist_ccw_z,-0.20409894392531255,0.0411943086504943,-0.28469568727757666,-0.12434544945862715
125,enc_lag_fwd_z,-0.1735987410158883,0.06777186032102533,-0.31134931264365073,-0.045985670086084424
125,enc_lag_bwd_z,-0.08293977753584203,0.07511252860039953,-0.22808133492348384,0.06095960036847859
125,is_primacy_k_z,0.07208223873104823,0.04866275881809035,-0.02076616441187148,0.17072926728965557
125,is_recency_k_z,0.03747226783865319,0.05269477346228994,-0.06477744279075288,0.14657154866071012
125,abs_reward_k_z,-0.001777278141247684,0.040783616697919446,-0.08348439252889274,0.0768631816830146
125,signed_reward_k_z,0.06411086030522745,0.035880489457869945,-0.0037075388586576144,0.13527972384758624
125,is_prev_fixation_k_z,0.24019767027217778,0.031743845705583563,0.17798708794310733,0.30211719936782905
126,share_k_z,0.1104893238422714,0.03538201331263786,0.04699777307892529,0.1836005892584641
126,dist_cw_z,-0.038970466644044535,0.031143529191960867,-0.09867667818907541,0.02662854623153517
126,dist_ccw_z,-0.05286272326584669,0.03884947516999262,-0.12723430156105622,0.02533724547772335
126,enc_lag_fwd_z,-0.10385248575149966,0.06716969712326087,-0.24184826745914206,0.019694712729865956
126,enc_lag_bwd_z,0.045168417604552785,0.07407232469996029,-0.09750076530975907,0.19485938842853145
126,is_primacy_k_z,-0.028106605307485166,0.049928193996045034,-0.12469303274795977,0.06708406636895478
126,is_recency_k_z,0.021257297574808303,0.048594427157512415,-0.070699604866438,0.11886305488910318
126,abs_reward_k_z,-0.03042044321649813,0.04128384007539764,-0.11345112417984515,0.04797697668078372
126,signed_reward_k_z,-0.018086537041069755,0.03472892723444041,-0.08709426920815772,0.05013846448022398
126,is_prev_fixation_k_z,0.06542684725367615,0.038017330110698286,-0.010231732438651978,0.1387983305793314
127,share_k_z,0.05820015071698461,0.05532209961136313,-0.05591595248207758,0.17023665446013467
127,dist_cw_z,-0.09756369499074634,0.05983476746630713,-0.22585250752175123,0.01049081720966514
127,dist_ccw_z,-0.11882433779301207,0.09777394289105347,-0.31794685600325157,0.06640752665569877
127,enc_lag_fwd_z,-0.07517794993361987,0.12297351769456197,-0.3164785282786752,0.17026152512305487
127,enc_lag_bwd_z,0.08573630354289169,0.14307252808364557,-0.16620030257472398,0.3814128015391816
127,is_primacy_k_z,0.024704010047872257,0.09420996973012563,-0.15364527566952263,0.22305891875594297
127,is_recency_k_z,0.03735211438036126,0.08198702827394792,-0.1220904257666792,0.20445719508219432
127,abs_reward_k_z,0.007752000837753159,0.07972234969212268,-0.147807378601912,0.16593950910947547
127,signed_reward_k_z,-0.01875489190840134,0.06177857044504325,-0.1486666022878368,0.09688357158215978
127,is_prev_fixation_k_z,-0.11151461066392197,0.12105142938644069,-0.35937650775215496,0.11403139320521143
128,share_k_z,0.07857492888771164,0.04652830889367816,-0.01249524769195844,0.1755695483233751
128,dist_cw_z,-0.06607844618219742,0.04813754886658996,-0.16164632824813857,0.03236713380757202
128,dist_ccw_z,-0.10910080384028426,0.07059237558802213,-0.25029579508059713,0.03596301209587132
128,enc_lag_fwd_z,-0.06968237078582064,0.09916999321385733,-0.2683785861487742,0.1271352337343048
128,enc_lag_bwd_z,0.004411679684460962,0.10902736750499444,-0.20760775409794463,0.22777679147896773
128,is_primacy_k_z,-0.014779953063477902,0.0721218393909962,-0.15345600948711124,0.13165982337244053
128,is_recency_k_z,0.009694975177298781,0.06506752771962916,-0.11963592534553055,0.14558436782405676
128,abs_reward_k_z,-0.006917786031692054,0.06437040877228854,-0.13814377957310278,0.11582090779669393
128,signed_reward_k_z,0.03117415017771048,0.05142749285698538,-0.06767249254602103,0.14047561995992874
128,is_prev_fixation_k_z,0.07442984976833493,0.07530434277518266,-0.07329828862606698,0.2181037907657537
129,share_k_z,0.08979679481132147,0.05757427900302946,-0.017037346033938784,0.22072740924029446
129,dist_cw_z,-0.07357261042951363,0.06084286196829443,-0.19873423163988216,0.042699506714998975
129,dist_ccw_z,-0.14844772073519097,0.10495286807222134,-0.366349847211849,0.04821886597869396
129,enc_lag_fwd_z,-0.01783510954489266,0.13250042694937927,-0.27577778959314914,0.2577593416480003
129,enc_lag_bwd_z,0.06404219689734564,0.1431460108708205,-0.19141144313625472,0.36892978689835226
129,is_primacy_k_z,-0.028136339686542035,0.09995601734979541,-0.22874002779619496,0.16660874999876643
129,is_recency_k_z,0.040576308694499165,0.08240402839152551,-0.11811236196068671,0.2199987449977747
129,abs_reward_k_z,-0.004872653568688242,0.08151092735383599,-0.17239234661357314,0.15163054111172233
129,signed_reward_k_z,0.006682479346297991,0.06677604786130231,-0.1268358413312837,0.14059550333217535
129,is_prev_fixation_k_z,-0.07931282950230666,0.14600859610993924,-0.3826486728156917,0.1914441378172728
132,share_k_z,0.07261872716370778,0.03904525592093828,-0.00296516813722041,0.15173799788086192
132,dist_cw_z,-0.06598483011395033,0.04135330380054602,-0.14707632938395482,0.016980513985794587
132,dist_ccw_z,-0.2989581649784346,0.0566294583462394,-0.4110801390736588,-0.1904282149513019
132,enc_lag_fwd_z,0.0348627849481835,0.08225220810269844,-0.12240476010137853,0.20036688144886283
132,enc_lag_bwd_z,0.010458840157713452,0.09059176892599594,-0.16513399084417255,0.18910437974439803
132,is_primacy_k_z,0.04954104587230988,0.06111329359639354,-0.06746213486718591,0.17670396911984593
132,is_recency_k_z,0.006503513370059323,0.056346986850934644,-0.10402084650770226,0.1189755406431363
132,abs_reward_k_z,-0.023559632450485393,0.04882550864352036,-0.11755914579424769,0.07432178569554218
132,signed_reward_k_z,-0.06798544352314696,0.04452091484002478,-0.15748950976926696,0.014476188585339821
132,is_prev_fixation_k_z,0.13573656887179333,0.0455603671911112,0.04670366780675528,0.22322550957512277
133,share_k_z,0.07674552421848115,0.03795255243293509,0.0016232386637798524,0.1539719821836847
133,dist_cw_z,-0.0843506360839896,0.038449532304228505,-0.1620534700906732,-0.009176708808969314
133,dist_ccw_z,-0.16895237877888447,0.05209631222972274,-0.27236797839242405,-0.06966739417904234
133,enc_lag_fwd_z,0.013340609693696291,0.08039094060008806,-0.13504271262356674,0.1765783327478349
133,enc_lag_bwd_z,0.03987938081203804,0.08215184540063819,-0.11903178506657702,0.20942808242138977
133,is_primacy_k_z,-0.05938462066568279,0.05830054882477739,-0.17832689853203948,0.05212144031924139
133,is_recency_k_z,0.009118002088865216,0.050737034217081714,-0.09195097800403915,0.11112574513910922
133,abs_reward_k_z,0.025875573994973745,0.05064960538127019,-0.07176073296983139,0.12800553932183922
133,signed_reward_k_z,-0.015457632247574116,0.04360316358511961,-0.10614172981765126,0.06553483652216267
133,is_prev_fixation_k_z,-0.013745047303354845,0.04948919930103392,-0.11159755103306039,0.0818828810691145
134,share_k_z,0.04439800777864598,0.04083454103519644,-0.04253006799188547,0.12304528974777812
134,dist_cw_z,-0.10809009851891921,0.04267284514514916,-0.1979764783195776,-0.027851064595754146
134,dist_ccw_z,-0.12305694142536772,0.05727829713872019,-0.2381286579313784,-0.012033178478344914
134,enc_lag_fwd_z,-0.16668032934955454,0.08921764283992267,-0.35161450403081235,-0.0037088023704103176
134,enc_lag_bwd_z,0.027730717033722957,0.10068777481400126,-0.16231596173385548,0.2322726714277867
134,is_primacy_k_z,-0.08417061882030613,0.0718624929296378,-0.2311271424930234,0.04367055464854597
134,is_recency_k_z,0.005608741404759881,0.06019756868953083,-0.11500856416950757,0.12365433627372761
134,abs_reward_k_z,-0.006342852667775206,0.053784635753817096,-0.11997715926249365,0.09683746626243557
134,signed_reward_k_z,0.04595567328688489,0.046030230038360744,-0.03966869013456265,0.141034111315751
134,is_prev_fixation_k_z,0.10448132583168178,0.04771694986450992,0.012800838415064337,0.19888934708816602
135,share_k_z,0.03194590266224334,0.036914158392138595,-0.04572648374382833,0.10110390656043496
135,dist_cw_z,-0.0780056742971701,0.036479747648667786,-0.15341270689613437,-0.007632498006648483
135,dist_ccw_z,-0.0682336236068439,0.052108635721320795,-0.16909362509712011,0.034186800096533486
135,enc_lag_fwd_z,-0.10400710131838037,0.07574055051656876,-0.2619395833834557,0.04008669999937562
135,enc_lag_bwd_z,-0.06347031025247078,0.09066180970814892,-0.24989171067733063,0.11284695661985478
135,is_primacy_k_z,0.022703758544369814,0.05742490778957376,-0.08927039630026838,0.13907809916056948
135,is_recency_k_z,0.022205758597797477,0.055270804541801784,-0.08597160608016037,0.13682928041070802
135,abs_reward_k_z,-0.0011843637712293028,0.04617501134189667,-0.09372471675392527,0.08711095517183631
135,signed_reward_k_z,0.03055727846756068,0.038199972322666025,-0.04232804784265002,0.11133509954060457
135,is_prev_fixation_k_z,0.13131692582601293,0.046555854499563495,0.041001199806536354,0.22358740639928584
136,share_k_z,0.0450850671439759,0.03819142461367704,-0.03397038265596233,0.1169358054194783
136,dist_cw_z,0.01431266174884818,0.04244586585474224,-0.06213442267737183,0.10178881349630164
136,dist_ccw_z,-0.05460078327456793,0.04919147817998057,-0.14887829066799146,0.04394244649493845
136,enc_lag_fwd_z,0.049545696844400876,0.09015888117426207,-0.12113760669971584,0.2332293631786944
136,enc_lag_bwd_z,0.0026422559267246445,0.08940580285126376,-0.16690697185278805,0.18660841578001322
136,is_primacy_k_z,-0.0540550546536209,0.06193315235525559,-0.17876765420110585,0.061953282546945584
136,is_recency_k_z,0.04862340039150918,0.05986200425036851,-0.06175821427391538,0.17028936565812752
136,abs_reward_k_z,0.005127204654427451,0.052148340857785566,-0.09817195213272104,0.10299129341473769
136,signed_reward_k_z,-0.01750715824415645,0.04485169010912386,-0.10669802475169697,0.0696219946197619
136,is_prev_fixation_k_z,0.20705897244164,0.046060967208099254,0.11815860837702759,0.2982658117958311
137,share_k_z,0.1020538392486074,0.038128731390103636,0.035353409421557666,0.183040015868639
137,dist_cw_z,-0.06163381340280909,0.03445647391850713,-0.1329275623541988,0.0046516645633432425
137,dist_ccw_z,-0.058096029693963686,0.04538079686905746,-0.14826035084237785,0.031350708641715117
137,enc_lag_fwd_z,-0.06433890348720243,0.08035787575058173,-0.21718164551344982,0.09454635291575221
137,enc_lag_bwd_z,-0.10312452928185524,0.07918295040173508,-0.25905600327860906,0.04942651280014085
137,is_primacy_k_z,-0.0016920335101180647,0.05545348434842329,-0.11018760688828666,0.10677326460044576
137,is_recency_k_z,-0.03705563119714769,0.05703040694925538,-0.1604016315055474,0.06434388078588267
137,abs_reward_k_z,0.008962019873093698,0.047062625816710224,-0.08409323251492672,0.10278974233248434
137,signed_reward_k_z,0.022967756100995933,0.03683789560886874,-0.051096003377196116,0.09631555271743895
137,is_prev_fixation_k_z,0.05488990648683229,0.04433007836435232,-0.03117262342434471,0.1408160412098493
138,share_k_z,0.08841435246907807,0.055340514329793415,-0.014763607291603779,0.20936451523559688
138,dist_cw_z,-0.09624851241403223,0.06341140194824417,-0.23579595743940612,0.01742162051627241
138,dist_ccw_z,-0.14785930152779617,0.09732267250548053,-0.34316305277625847,0.03513798280972974
138,enc_lag_fwd_z,-0.004232502319733137,0.13218311335918068,-0.2572727369320301,0.26208783484669157
138,enc_lag_bwd_z,0.047246844310711446,0.13775011714957852,-0.21608483063225548,0.32546877823127124
138,is_primacy_k_z,0.03639444115283097,0.09477961482202626,-0.1354823762059473,0.23837704953288014
138,is_recency_k_z,0.03177373726493839,0.08632239751077395,-0.13922066012863143,0.22137506168763788
138,abs_reward_k_z,-0.014518056846975961,0.08252602166173957,-0.18254580576226115,0.136859979740509
138,signed_reward_k_z,-0.026124467844614953,0.06699891347173853,-0.16459015070232402,0.09748564053324574
138,is_prev_fixation_k_z,-0.16433444073862022,0.12033306121657962,-0.4093149677551627,0.06076304762057404
139,share_k_z,0.008468723849588067,0.05083961155021498,-0.10448276421844974,0.09858168666630927
139,dist_cw_z,-0.15440257704371144,0.06042667755253426,-0.28605971601931607,-0.05261127570202331
139,dist_ccw_z,-0.18512739101485137,0.07370945838273282,-0.33441230420211243,-0.0438938982871006
139,enc_lag_fwd_z,-0.219331311839671,0.09636785224048655,-0.4140732697939036,-0.033750802144955794
139,enc_lag_bwd_z,-0.0733460442282642,0.10672128209239927,-0.2791991131532658,0.14428236148946014
139,is_primacy_k_z,-0.07507684076042366,0.06912518343281132,-0.21126506084773694,0.05746276672353745
139,is_recency_k_z,0.029189562486849,0.06958000707819463,-0.1069140798514728,0.17441548404183171
139,abs_reward_k_z,0.07763177827311064,0.058607834290080464,-0.035357057600013723,0.19345605409829028
139,signed_reward_k_z,0.14933959218666237,0.05826088940006581,0.04087360697569365,0.27347499505862505
139,is_prev_fixation_k_z,0.22264962017993814,0.05108098073377511,0.12244801121752269,0.3215898570973607
140,share_k_z,0.032476541985414234,0.031258505637844665,-0.03215990954863316,0.09136225510098749
140,dist_cw_z,-0.12331926043476554,0.03378440524775252,-0.19075793486342427,-0.0580795343011029
140,dist_ccw_z,-0.16169182736709986,0.03946264828803135,-0.23865009116498728,-0.08543257956397787
140,enc_lag_fwd_z,-0.26026877682112193,0.06330477205965984,-0.3881286722868423,-0.13654665078973652
140,enc_lag_bwd_z,-0.0713314735714981,0.07439393173857625,-0.2182615417591378,0.0743070813676757
140,is_primacy_k_z,0.051355412706259936,0.045202043560479,-0.035977096043340095,0.13923423945013605
140,is_recency_k_z,-0.00955431147462761,0.047502078330967694,-0.1032867419780738,0.08164506406508945
140,abs_reward_k_z,0.0010698599993954375,0.035782507735217066,-0.07116080925952557,0.07065788592637859
140,signed_reward_k_z,0.07038118935921972,0.033148173093239974,0.007105949194357701,0.13728626854352188
140,is_prev_fixation_k_z,0.29052380798083294,0.027984810253603082,0.23526274266901845,0.34605909943908525
141,share_k_z,0.05195046763223429,0.03730534322111124,-0.024670880523997733,0.12518056070355457
141,dist_cw_z,-0.0441585407133286,0.036811156366301966,-0.1119141114680936,0.035583521942719146
141,dist_ccw_z,-0.08305086710887051,0.051272752262565335,-0.18239602559202364,0.01755627331217981
141,enc_lag_fwd_z,-0.1316743514644707,0.08668177483581668,-0.30848075945855097,0.02966805904621346
141,enc_lag_bwd_z,-0.06097927488464706,0.08676734242998588,-0.23534959639883868,0.11446155267009972
141,is_primacy_k_z,-0.0371862333816373,0.06075471773756084,-0.16261384769498047,0.07901092216719018
141,is_recency_k_z,0.026706455049087995,0.059345501795482675,-0.08933456477910277,0.14878918970348418
141,abs_reward_k_z,0.004786941279437444,0.04681786929694858,-0.08720491379358863,0.09543678649038345
141,signed_reward_k_z,0.007981941536298871,0.04326542973887691,-0.07694317978051404,0.08849101158620043
141,is_prev_fixation_k_z,0.09096325538876705,0.04799893879146643,-0.00406976058747811,0.1821005318873689
142,share_k_z,0.049815803331493755,0.0498262902019875,-0.055368843107971556,0.14585602963448938
142,dist_cw_z,-0.05633799698764347,0.05293503293462227,-0.15977325768174325,0.051102134410316594
142,dist_ccw_z,-0.07675263687799332,0.08231712867586771,-0.2360452974266607,0.08689262909166695
142,enc_lag_fwd_z,-0.044434043799335306,0.11708398670610905,-0.271163633642884,0.18961870297735434
142,enc_lag_bwd_z,0.10811413472268472,0.1306083244747781,-0.12395413092965159,0.38800008038431005
142,is_primacy_k_z,-0.027705137793292582,0.08547418187007001,-0.2099818689147442,0.13469483964106158
142,is_recency_k_z,0.01115243376994599,0.07514766435792625,-0.14194598771581096,0.16381825081054946
142,abs_reward_k_z,0.04525457470340676,0.07246912130817598,-0.10055179854020076,0.19136545294907933
142,signed_reward_k_z,0.01122384507711162,0.05584370954436849,-0.09682327750910799,0.12213917579891355
142,is_prev_fixation_k_z,-0.057369418820776966,0.10032223229055319,-0.2646120159551028,0.13194604688150938
144,share_k_z,0.07723915782129924,0.04172908874043937,-0.004548281366239608,0.16339576674308787
144,dist_cw_z,-0.1007105636821592,0.04744990869472332,-0.20106625911569864,-0.010407954313714924
144,dist_ccw_z,-0.2675813200369603,0.07001779659385345,-0.41090622304214464,-0.13946744288833435
144,enc_lag_fwd_z,-0.01175525639952112,0.09237803871319605,-0.18523933140638388,0.18252312670492166
144,enc_lag_bwd_z,-0.08472654635428223,0.09975345381572558,-0.2859032163526938,0.11040870367733878
144,is_primacy_k_z,0.038280066907417774,0.07024410175944532,-0.09756716864826213,0.18439497471049743
144,is_recency_k_z,0.03152103478103032,0.06543320873180251,-0.0951856346621406,0.17227391141647075
144,abs_reward_k_z,-0.03114737761249259,0.057433955398701504,-0.1472115236573504,0.07805516831578432
144,signed_reward_k_z,-0.008996391555169767,0.04683752262872456,-0.10225287562556971,0.08277714563991975
144,is_prev_fixation_k_z,0.06838244380253584,0.05921642786948746,-0.048872567096995584,0.18183634414959837
146,share_k_z,0.0833470958230905,0.03252427203149565,0.02423146827307822,0.150759028756748
146,dist_cw_z,-0.027240255888827117,0.02480537516742312,-0.07563387902833954,0.019749081703708912
146,dist_ccw_z,-0.06814573066495384,0.027548841929303885,-0.12180897403660029,-0.013983116524235875
146,enc_lag_fwd_z,0.018829813833933257,0.05483119517090202,-0.08725887947425134,0.127207116015158
146,enc_lag_bwd_z,0.10348196486072624,0.05747552642618652,-0.00279748205004056,0.2183173530659266
146,is_primacy_k_z,-0.09541590220143802,0.04045469236396958,-0.1730796721037965,-0.01851859231825521
146,is_recency_k_z,-0.08865290746343395,0.04360411644870844,-0.172604792976469,6.732528537240054e-5
146,abs_reward_k_z,0.06026640253279111,0.030071065435636618,7.88931941516839e-4,0.1170771548585983
146,signed_reward_k_z,0.006195252178906447,0.030138454152599112,-0.054017487119815404,0.06537333654980865
146,is_prev_fixation_k_z,0.32625045133372765,0.02133927179784611,0.28320684762308884,0.36891767200399284
148,share_k_z,0.018645445124796753,0.04777372085046212,-0.08461529550811311,0.10132449397055289
148,dist_cw_z,-0.06953895107469948,0.052429900179275096,-0.17276283129136297,0.03656742689817871
148,dist_ccw_z,-0.06563735481304925,0.08114978561267555,-0.2270725309473588,0.09334963178327815
148,enc_lag_fwd_z,-0.1278638865445293,0.1038042796716814,-0.3348270910728046,0.075881912526143
148,enc_lag_bwd_z,0.13665343553551496,0.1297960913043525,-0.09621832371087558,0.41293792283584907
148,is_primacy_k_z,-0.018208528220545986,0.07869683432195952,-0.17220382640646337,0.13063065697198326
148,is_recency_k_z,-0.022766643264252203,0.07548908212526158,-0.1853418404797245,0.11665240649867344
148,abs_reward_k_z,0.1260027013275595,0.06310120635831225,0.00838981425232349,0.25864365957419755
148,signed_reward_k_z,0.011098858883560091,0.05206448721531144,-0.09139810946080024,0.11575525361075668
148,is_prev_fixation_k_z,-0.042225009195237966,0.0686237326359787,-0.17811997997924664,0.0871097106744712
149,share_k_z,-0.023873857772158637,0.04049272382186395,-0.10604407816667986,0.052302489967545475
149,dist_cw_z,-0.07775424561193167,0.03591848753046524,-0.14751766948050313,-0.005219723306901869
149,dist_ccw_z,0.0020621249327545076,0.04304070986064555,-0.082526398886238,0.08699840644558654
149,enc_lag_fwd_z,-0.2709952614945108,0.07067210551973947,-0.40985791016396966,-0.13241695919271007
149,enc_lag_bwd_z,-0.11552275421268725,0.07314656271661957,-0.2599743067514317,0.026992863061950916
149,is_primacy_k_z,0.1160713454504627,0.0514139977618241,0.015616409370373464,0.22309317034467105
149,is_recency_k_z,0.02272011324067283,0.04921279630477129,-0.07175450506173386,0.12177650154371598
149,abs_reward_k_z,0.1786014381803755,0.04556620297978501,0.09013560947191844,0.268558161595005
149,signed_reward_k_z,0.07534826990556641,0.035029777435957296,0.007598925604167392,0.14635714552650264
149,is_prev_fixation_k_z,0.3115949549715168,0.029924961499332412,0.2506595464473106,0.3714097760924164
150,share_k_z,0.06564393822846123,0.02834846810201999,0.009553522378184092,0.1221399338693917
150,dist_cw_z,-0.0366565376690579,0.02555040469708763,-0.08593458184542208,0.014338269490439435
150,dist_ccw_z,-0.06617013463265814,0.03040290635568589,-0.12488815991040314,-0.006305344483095351
150,enc_lag_fwd_z,-0.09020933445060546,0.054980265539172714,-0.20505691424457495,0.013378377872987087
150,enc_lag_bwd_z,-0.027787487839631555,0.05945455136787243,-0.1373454228430023,0.09136870917889209
150,is_primacy_k_z,0.016273635022861114,0.039643047840057545,-0.061962033344480145,0.09402287305334797
150,is_recency_k_z,0.03729470731394664,0.03939980783715681,-0.033867416680065,0.1183761051873668
150,abs_reward_k_z,-0.02988357035531934,0.031089740677369245,-0.0907984926915693,0.03019843115615792
150,signed_reward_k_z,0.02217803196283812,0.02607552596744643,-0.02907869609253235,0.07446090808979167
150,is_prev_fixation_k_z,0.2851231865425683,0.024353568764578865,0.23895996972597253,0.33336046271099856
