seed,statistic,location,decoder,r2,shuffle,shuffle_iter
8,V_t,agg,Ridge,0.9169815566666338,False,-1
8,V_t,agg,MLP,0.9669532197891565,False,-1
8,V_t,agg,Ridge,-0.0004983025161032328,True,0
8,V_t,agg,MLP,-0.01035290027191076,True,0
8,V_t,agg,Ridge,-0.0007026069633933041,True,1
8,V_t,agg,MLP,-0.00962844184666416,True,1
8,V_t,agg,Ridge,-0.0008450175398482696,True,2
8,V_t,agg,MLP,-0.009703787735541036,True,2
8,V_t,agg,Ridge,-0.0011970075431266824,True,3
8,V_t,agg,MLP,-0.008403253835534441,True,3
8,V_t,agg,Ridge,-0.0008425057613718589,True,4
8,V_t,agg,MLP,-0.010526345290691231,True,4
8,V_t,agg,Ridge,-0.0008854008591326901,True,5
8,V_t,agg,MLP,-0.008832800642869643,True,5
8,V_t,agg,Ridge,-0.0007371519674810756,True,6
8,V_t,agg,MLP,-0.009722591999333919,True,6
8,V_t,agg,Ridge,-0.0009685065776368962,True,7
8,V_t,agg,MLP,-0.011579422107963522,True,7
8,V_t,agg,Ridge,-0.0009685338515666775,True,8
8,V_t,agg,MLP,-0.009740666127366104,True,8
8,V_t,agg,Ridge,-0.0010932176685493733,True,9
8,V_t,agg,MLP,-0.009999050847623847,True,9
8,mu,0,Ridge,0.4516863054828731,False,-1
8,mu,0,MLP,0.8304144650517603,False,-1
8,mu,0,Ridge,-0.0007153507871203946,True,0
8,mu,0,MLP,-0.010281208105767537,True,0
8,mu,0,Ridge,-0.0007071421916718279,True,1
8,mu,0,MLP,-0.012794269429215976,True,1
8,mu,0,Ridge,-0.00082738629617789,True,2
8,mu,0,MLP,-0.012009983770175703,True,2
8,mu,0,Ridge,-0.0006837195725834632,True,3
8,mu,0,MLP,-0.01080734615288117,True,3
8,mu,0,Ridge,-0.000824277465193779,True,4
8,mu,0,MLP,-0.01141400453235395,True,4
8,mu,0,Ridge,-0.0005114085478549191,True,5
8,mu,0,MLP,-0.011611150793756454,True,5
8,mu,0,Ridge,-0.0010570220763992833,True,6
8,mu,0,MLP,-0.01214175083851381,True,6
8,mu,0,Ridge,-0.0010023282946121537,True,7
8,mu,0,MLP,-0.011312841910501614,True,7
8,mu,0,Ridge,-0.0007744411163431497,True,8
8,mu,0,MLP,-0.01079538942626943,True,8
8,mu,0,Ridge,-0.0004950548738622551,True,9
8,mu,0,MLP,-0.012545896093961461,True,9
8,mu,1,Ridge,0.3985462239930301,False,-1
8,mu,1,MLP,0.7903561593796977,False,-1
8,mu,1,Ridge,-0.0011243868669013502,True,0
8,mu,1,MLP,-0.01259919970947041,True,0
8,mu,1,Ridge,-0.0008571629643606471,True,1
8,mu,1,MLP,-0.012114133999727272,True,1
8,mu,1,Ridge,-0.000833783237776764,True,2
8,mu,1,MLP,-0.01105099039048909,True,2
8,mu,1,Ridge,-0.0008407180504622413,True,3
8,mu,1,MLP,-0.010880074153124752,True,3
8,mu,1,Ridge,-0.0007268179593709956,True,4
8,mu,1,MLP,-0.013301115144789977,True,4
8,mu,1,Ridge,-0.0009534264848211737,True,5
8,mu,1,MLP,-0.01226009891551132,True,5
8,mu,1,Ridge,-0.0007686724208921358,True,6
8,mu,1,MLP,-0.011469688429806446,True,6
8,mu,1,Ridge,-0.0007322202803800249,True,7
8,mu,1,MLP,-0.011880701935806925,True,7
8,mu,1,Ridge,-0.0010523171761905648,True,8
8,mu,1,MLP,-0.010384611525099664,True,8
8,mu,1,Ridge,-0.0006450253269333128,True,9
8,mu,1,MLP,-0.012207765347571531,True,9
8,mu,2,Ridge,0.46849630187733304,False,-1
8,mu,2,MLP,0.8498236942570104,False,-1
8,mu,2,Ridge,-0.000986181944887221,True,0
8,mu,2,MLP,-0.01212746276626735,True,0
8,mu,2,Ridge,-0.0005901602236396241,True,1
8,mu,2,MLP,-0.01091426806165079,True,1
8,mu,2,Ridge,-0.0008279037351741403,True,2
8,mu,2,MLP,-0.0095824682331505,True,2
8,mu,2,Ridge,-0.0012331973925091334,True,3
8,mu,2,MLP,-0.012245631878924624,True,3
8,mu,2,Ridge,-0.0006406354007807647,True,4
8,mu,2,MLP,-0.011118011501242897,True,4
8,mu,2,Ridge,-0.0003637701872884369,True,5
8,mu,2,MLP,-0.010790936394283746,True,5
8,mu,2,Ridge,-0.0007201698811508006,True,6
8,mu,2,MLP,-0.010999656280034964,True,6
8,mu,2,Ridge,-0.0010421664677953135,True,7
8,mu,2,MLP,-0.010851258187072244,True,7
8,mu,2,Ridge,-0.0007542699698724232,True,8
8,mu,2,MLP,-0.011852352603455473,True,8
8,mu,2,Ridge,-0.0006972412676973239,True,9
8,mu,2,MLP,-0.010445790558186507,True,9
8,mu,3,Ridge,0.32121752924151564,False,-1
8,mu,3,MLP,0.797649218947835,False,-1
8,mu,3,Ridge,-0.0006819094998840036,True,0
8,mu,3,MLP,-0.00977738215081847,True,0
8,mu,3,Ridge,-0.0006169376379915548,True,1
8,mu,3,MLP,-0.01114496035512067,True,1
8,mu,3,Ridge,-0.0007189046454450399,True,2
8,mu,3,MLP,-0.011332763221780562,True,2
8,mu,3,Ridge,-0.001016424212114364,True,3
8,mu,3,MLP,-0.010268755816418063,True,3
8,mu,3,Ridge,-0.001011373986497377,True,4
8,mu,3,MLP,-0.012128873743169066,True,4
8,mu,3,Ridge,-0.0007584615352488111,True,5
8,mu,3,MLP,-0.011982122682958707,True,5
8,mu,3,Ridge,-0.0012361299298482287,True,6
8,mu,3,MLP,-0.01025478162796909,True,6
8,mu,3,Ridge,-0.0006398789156665252,True,7
8,mu,3,MLP,-0.009625179433428287,True,7
8,mu,3,Ridge,-0.0008807102672327538,True,8
8,mu,3,MLP,-0.010859949794650482,True,8
8,mu,3,Ridge,-0.000700312437027284,True,9
8,mu,3,MLP,-0.011129303813531877,True,9
8,mu,4,Ridge,0.42314191030124687,False,-1
8,mu,4,MLP,0.8099316227539191,False,-1
8,mu,4,Ridge,-0.0010105694194306736,True,0
8,mu,4,MLP,-0.010501732857642266,True,0
8,mu,4,Ridge,-0.0007125112807682798,True,1
8,mu,4,MLP,-0.011768280209007243,True,1
8,mu,4,Ridge,-0.000815805152438065,True,2
8,mu,4,MLP,-0.01056976963940084,True,2
8,mu,4,Ridge,-0.0008892783120458603,True,3
8,mu,4,MLP,-0.010923300059363195,True,3
8,mu,4,Ridge,-0.0008972604435002918,True,4
8,mu,4,MLP,-0.01272667449014464,True,4
8,mu,4,Ridge,-0.0011581985407431272,True,5
8,mu,4,MLP,-0.012380892084355822,True,5
8,mu,4,Ridge,-0.0008721065227295544,True,6
8,mu,4,MLP,-0.012876896305606688,True,6
8,mu,4,Ridge,-0.0008824512656748773,True,7
8,mu,4,MLP,-0.012314760081746635,True,7
8,mu,4,Ridge,-0.0010448789236580768,True,8
8,mu,4,MLP,-0.011624417854840096,True,8
8,mu,4,Ridge,-0.0004203927074737823,True,9
8,mu,4,MLP,-0.011076457109572769,True,9
8,mu,5,Ridge,0.3837939699279567,False,-1
8,mu,5,MLP,0.7988659835127129,False,-1
8,mu,5,Ridge,-0.0010060828731911276,True,0
8,mu,5,MLP,-0.012339839998140922,True,0
8,mu,5,Ridge,-0.0010294290511664527,True,1
8,mu,5,MLP,-0.011693171625654131,True,1
8,mu,5,Ridge,-0.0005973468327457043,True,2
8,mu,5,MLP,-0.011760109838893973,True,2
8,mu,5,Ridge,-0.0007258606299081815,True,3
8,mu,5,MLP,-0.011211393284315464,True,3
8,mu,5,Ridge,-0.0006721780128854604,True,4
8,mu,5,MLP,-0.010642369872567104,True,4
8,mu,5,Ridge,-0.0008024431647129405,True,5
8,mu,5,MLP,-0.010491799378470335,True,5
8,mu,5,Ridge,-0.00125297809785474,True,6
8,mu,5,MLP,-0.009662489134213591,True,6
8,mu,5,Ridge,-0.0008050440738657461,True,7
8,mu,5,MLP,-0.010512163743198277,True,7
8,mu,5,Ridge,-0.0006849909875299654,True,8
8,mu,5,MLP,-0.010688622173273422,True,8
8,mu,5,Ridge,-0.0008284088931260313,True,9
8,mu,5,MLP,-0.010928227034703397,True,9
8,lambda,0,Ridge,0.7020368822609718,False,-1
8,lambda,0,MLP,0.9212308850946875,False,-1
8,lambda,0,Ridge,-0.0007235315178120594,True,0
8,lambda,0,MLP,-0.03989030598543093,True,0
8,lambda,0,Ridge,-0.0009063084659562293,True,1
8,lambda,0,MLP,-0.035349410115233224,True,1
8,lambda,0,Ridge,-0.0006681551456367175,True,2
8,lambda,0,MLP,-0.04188562236789819,True,2
8,lambda,0,Ridge,-0.0010070471443234918,True,3
8,lambda,0,MLP,-0.03569574990215525,True,3
8,lambda,0,Ridge,-0.0010363250814140023,True,4
8,lambda,0,MLP,-0.03804673419153,True,4
8,lambda,0,Ridge,-0.000521153417505138,True,5
8,lambda,0,MLP,-0.03874608761834146,True,5
8,lambda,0,Ridge,-0.0009654911950680134,True,6
8,lambda,0,MLP,-0.03185658277336443,True,6
8,lambda,0,Ridge,-0.0003687040799796426,True,7
8,lambda,0,MLP,-0.03520984403451925,True,7
8,lambda,0,Ridge,-0.000766116103744352,True,8
8,lambda,0,MLP,-0.036592814397364434,True,8
8,lambda,0,Ridge,-0.00114916610045257,True,9
8,lambda,0,MLP,-0.038107697385100045,True,9
8,lambda,1,Ridge,0.8224755670982299,False,-1
8,lambda,1,MLP,0.9516622807778052,False,-1
8,lambda,1,Ridge,-0.0009421579338438679,True,0
8,lambda,1,MLP,-0.04044870948551833,True,0
8,lambda,1,Ridge,-0.0007949679472201154,True,1
8,lambda,1,MLP,-0.036160666584795595,True,1
8,lambda,1,Ridge,-0.001162104924994578,True,2
8,lambda,1,MLP,-0.039883641320013694,True,2
8,lambda,1,Ridge,-0.0006161738156909013,True,3
8,lambda,1,MLP,-0.03974511130172478,True,3
8,lambda,1,Ridge,-0.0007279898801818341,True,4
8,lambda,1,MLP,-0.035696163884217924,True,4
8,lambda,1,Ridge,-0.0007446434668424206,True,5
8,lambda,1,MLP,-0.03729139148888301,True,5
8,lambda,1,Ridge,-0.0005578094282974622,True,6
8,lambda,1,MLP,-0.033428346232732144,True,6
8,lambda,1,Ridge,-0.0007502489016943503,True,7
8,lambda,1,MLP,-0.03594741006436179,True,7
8,lambda,1,Ridge,-0.0008387962989546693,True,8
8,lambda,1,MLP,-0.03806630177703485,True,8
8,lambda,1,Ridge,-0.0009615801438194627,True,9
8,lambda,1,MLP,-0.03808818386643873,True,9
8,lambda,2,Ridge,0.7371782150111115,False,-1
8,lambda,2,MLP,0.9194829730933618,False,-1
8,lambda,2,Ridge,-0.0009261574126313121,True,0
8,lambda,2,MLP,-0.03407381695364524,True,0
8,lambda,2,Ridge,-0.0006864596741528838,True,1
8,lambda,2,MLP,-0.032531360399030394,True,1
8,lambda,2,Ridge,-0.0009123341600937973,True,2
8,lambda,2,MLP,-0.037503527347797536,True,2
8,lambda,2,Ridge,-0.0004684090113604933,True,3
8,lambda,2,MLP,-0.038899705329358804,True,3
8,lambda,2,Ridge,-0.000734938845159272,True,4
8,lambda,2,MLP,-0.039657180327918165,True,4
8,lambda,2,Ridge,-0.0004957275245906611,True,5
8,lambda,2,MLP,-0.04330282055664503,True,5
8,lambda,2,Ridge,-0.0007691874769450102,True,6
8,lambda,2,MLP,-0.03706618412631557,True,6
8,lambda,2,Ridge,-0.0009323899739430263,True,7
8,lambda,2,MLP,-0.03990746140331951,True,7
8,lambda,2,Ridge,-0.0010222907679208859,True,8
8,lambda,2,MLP,-0.040426348346272255,True,8
8,lambda,2,Ridge,-0.0008751379849180285,True,9
8,lambda,2,MLP,-0.04065630835975824,True,9
8,lambda,3,Ridge,0.7268647551356766,False,-1
8,lambda,3,MLP,0.9219703218804884,False,-1
8,lambda,3,Ridge,-0.000716269455343177,True,0
8,lambda,3,MLP,-0.0387341202271493,True,0
8,lambda,3,Ridge,-0.0007447010864874315,True,1
8,lambda,3,MLP,-0.03917256183864311,True,1
8,lambda,3,Ridge,-0.0006298477388957835,True,2
8,lambda,3,MLP,-0.039813034548865735,True,2
8,lambda,3,Ridge,-0.0005859886023539485,True,3
8,lambda,3,MLP,-0.03173555778441499,True,3
8,lambda,3,Ridge,-0.00045429377397130375,True,4
8,lambda,3,MLP,-0.03942341044222224,True,4
8,lambda,3,Ridge,-0.0006435193640399461,True,5
8,lambda,3,MLP,-0.03708157284756721,True,5
8,lambda,3,Ridge,-0.0006225664379955643,True,6
8,lambda,3,MLP,-0.0422548442221395,True,6
8,lambda,3,Ridge,-0.00032122159689440544,True,7
8,lambda,3,MLP,-0.034268460122922215,True,7
8,lambda,3,Ridge,-0.0008063454401672221,True,8
8,lambda,3,MLP,-0.03492913646578799,True,8
8,lambda,3,Ridge,-0.0010140295166465307,True,9
8,lambda,3,MLP,-0.03470218111744661,True,9
8,lambda,4,Ridge,0.7732979992442519,False,-1
8,lambda,4,MLP,0.9318260204557083,False,-1
8,lambda,4,Ridge,-0.0005863968571594213,True,0
8,lambda,4,MLP,-0.03655968310915094,True,0
8,lambda,4,Ridge,-0.0006253069412263113,True,1
8,lambda,4,MLP,-0.04385786445005557,True,1
8,lambda,4,Ridge,-0.0005257461130147245,True,2
8,lambda,4,MLP,-0.04185735998222091,True,2
8,lambda,4,Ridge,-0.0008207692847873371,True,3
8,lambda,4,MLP,-0.037337953331111604,True,3
8,lambda,4,Ridge,-0.000863286485429704,True,4
8,lambda,4,MLP,-0.03614695811596671,True,4
8,lambda,4,Ridge,-0.0010522972270024856,True,5
8,lambda,4,MLP,-0.03413067640783853,True,5
8,lambda,4,Ridge,-0.000935596278633577,True,6
8,lambda,4,MLP,-0.04201980294234002,True,6
8,lambda,4,Ridge,-0.0009165282178440481,True,7
8,lambda,4,MLP,-0.04012221996310807,True,7
8,lambda,4,Ridge,-0.0009626219091810384,True,8
8,lambda,4,MLP,-0.035495300446864775,True,8
8,lambda,4,Ridge,-0.0009487702031606649,True,9
8,lambda,4,MLP,-0.037241840830524085,True,9
8,lambda,5,Ridge,0.7866996407967356,False,-1
8,lambda,5,MLP,0.9437936238929797,False,-1
8,lambda,5,Ridge,-0.0005663488406434603,True,0
8,lambda,5,MLP,-0.041020269315948134,True,0
8,lambda,5,Ridge,-0.0006684954021386691,True,1
8,lambda,5,MLP,-0.03947652317917307,True,1
8,lambda,5,Ridge,-0.0009232323821140476,True,2
8,lambda,5,MLP,-0.03667284762595302,True,2
8,lambda,5,Ridge,-0.0009369069280012798,True,3
8,lambda,5,MLP,-0.04293806968908624,True,3
8,lambda,5,Ridge,-0.0006096181848599169,True,4
8,lambda,5,MLP,-0.04089391918585465,True,4
8,lambda,5,Ridge,-0.0006619596569593878,True,5
8,lambda,5,MLP,-0.03982296375692851,True,5
8,lambda,5,Ridge,-0.0006681060475759893,True,6
8,lambda,5,MLP,-0.03850393210108298,True,6
8,lambda,5,Ridge,-0.0011055193789100582,True,7
8,lambda,5,MLP,-0.04267916718250016,True,7
8,lambda,5,Ridge,-0.0007642365869903412,True,8
8,lambda,5,MLP,-0.035548035924548985,True,8
8,lambda,5,Ridge,-0.0005755096353993849,True,9
8,lambda,5,MLP,-0.03737658478532548,True,9
8,rho,0,Ridge,0.802891380846425,False,-1
8,rho,0,MLP,0.976991292803034,False,-1
8,rho,0,Ridge,-0.0007568457679730134,True,0
8,rho,0,MLP,-0.045911208280923745,True,0
8,rho,0,Ridge,-0.0007198860401325558,True,1
8,rho,0,MLP,-0.05047439727971503,True,1
8,rho,0,Ridge,-0.0010269992459782883,True,2
8,rho,0,MLP,-0.04819542161326189,True,2
8,rho,0,Ridge,-0.0005299058782997079,True,3
8,rho,0,MLP,-0.047098530783074334,True,3
8,rho,0,Ridge,-0.000764018281804324,True,4
8,rho,0,MLP,-0.05011387834044778,True,4
8,rho,0,Ridge,-0.0006223037388586761,True,5
8,rho,0,MLP,-0.04900940480511138,True,5
8,rho,0,Ridge,-0.0004857613894404977,True,6
8,rho,0,MLP,-0.04742395968331965,True,6
8,rho,0,Ridge,-0.0004669596611986293,True,7
8,rho,0,MLP,-0.04845379110412575,True,7
8,rho,0,Ridge,-0.0007013893185456421,True,8
8,rho,0,MLP,-0.04672301682394906,True,8
8,rho,0,Ridge,-0.0012377968346122703,True,9
8,rho,0,MLP,-0.04814606783947699,True,9
8,rho,1,Ridge,0.7885069772018976,False,-1
8,rho,1,MLP,0.9861835737066482,False,-1
8,rho,1,Ridge,-0.0009707456530184011,True,0
8,rho,1,MLP,-0.0477805478301454,True,0
8,rho,1,Ridge,-0.0005106999373156506,True,1
8,rho,1,MLP,-0.04506246971685357,True,1
8,rho,1,Ridge,-0.0007326289603074798,True,2
8,rho,1,MLP,-0.04992366293770427,True,2
8,rho,1,Ridge,-0.000872107728005389,True,3
8,rho,1,MLP,-0.049388988557493005,True,3
8,rho,1,Ridge,-0.0008541036627541132,True,4
8,rho,1,MLP,-0.04845895701866261,True,4
8,rho,1,Ridge,-0.000828588744994585,True,5
8,rho,1,MLP,-0.05046588140155452,True,5
8,rho,1,Ridge,-0.0009266462825274546,True,6
8,rho,1,MLP,-0.05045696719525923,True,6
8,rho,1,Ridge,-0.0010227661917563858,True,7
8,rho,1,MLP,-0.04790270705475082,True,7
8,rho,1,Ridge,-0.000745389499387561,True,8
8,rho,1,MLP,-0.045116382291123934,True,8
8,rho,1,Ridge,-0.0008269018092876169,True,9
8,rho,1,MLP,-0.04817401208890004,True,9
8,rho,2,Ridge,0.7831892255069806,False,-1
8,rho,2,MLP,0.9714995355015208,False,-1
8,rho,2,Ridge,-0.0008036961663804521,True,0
8,rho,2,MLP,-0.04751627349694667,True,0
8,rho,2,Ridge,-0.0009193175377270269,True,1
8,rho,2,MLP,-0.046380992645683294,True,1
8,rho,2,Ridge,-0.0008512644635996658,True,2
8,rho,2,MLP,-0.04514772253379595,True,2
8,rho,2,Ridge,-0.0008111473756713394,True,3
8,rho,2,MLP,-0.04189975708383971,True,3
8,rho,2,Ridge,-0.0006805526241395743,True,4
8,rho,2,MLP,-0.04745281567519131,True,4
8,rho,2,Ridge,-0.001055602144660206,True,5
8,rho,2,MLP,-0.04830025629248955,True,5
8,rho,2,Ridge,-0.000326655546381982,True,6
8,rho,2,MLP,-0.05157289836496006,True,6
8,rho,2,Ridge,-0.0006387847149544434,True,7
8,rho,2,MLP,-0.049522753938276765,True,7
8,rho,2,Ridge,-0.0007400884692206677,True,8
8,rho,2,MLP,-0.04454962366295363,True,8
8,rho,2,Ridge,-0.0007016742059168024,True,9
8,rho,2,MLP,-0.04487959006385682,True,9
8,rho,3,Ridge,0.8057202106316577,False,-1
8,rho,3,MLP,0.9707032966004914,False,-1
8,rho,3,Ridge,-0.0007960161548242084,True,0
8,rho,3,MLP,-0.0446979176352408,True,0
8,rho,3,Ridge,-0.0009984410729164228,True,1
8,rho,3,MLP,-0.045987845772565275,True,1
8,rho,3,Ridge,-0.0010482750213286706,True,2
8,rho,3,MLP,-0.046001618900107476,True,2
8,rho,3,Ridge,-0.0005570090882416334,True,3
8,rho,3,MLP,-0.04380769008224985,True,3
8,rho,3,Ridge,-0.0009184862621901768,True,4
8,rho,3,MLP,-0.0460774495279074,True,4
8,rho,3,Ridge,-0.000816101618547016,True,5
8,rho,3,MLP,-0.048173768918421,True,5
8,rho,3,Ridge,-0.0007348944037969928,True,6
8,rho,3,MLP,-0.048577564846204305,True,6
8,rho,3,Ridge,-0.0004325821511042216,True,7
8,rho,3,MLP,-0.0489036079357021,True,7
8,rho,3,Ridge,-0.0005752279400843774,True,8
8,rho,3,MLP,-0.046893832725627194,True,8
8,rho,3,Ridge,-0.0008738688166952891,True,9
8,rho,3,MLP,-0.04787947017190501,True,9
8,rho,4,Ridge,0.6427868443242215,False,-1
8,rho,4,MLP,0.9181184876407713,False,-1
8,rho,4,Ridge,-0.0008720251592731377,True,0
8,rho,4,MLP,-0.04700236635578166,True,0
8,rho,4,Ridge,-0.0008375745985516048,True,1
8,rho,4,MLP,-0.044976295936121555,True,1
8,rho,4,Ridge,-0.0009406654816160653,True,2
8,rho,4,MLP,-0.04900242604828917,True,2
8,rho,4,Ridge,-0.0009567681296116515,True,3
8,rho,4,MLP,-0.04620007657928919,True,3
8,rho,4,Ridge,-0.0009208533722917967,True,4
8,rho,4,MLP,-0.04601073176015165,True,4
8,rho,4,Ridge,-0.0009118974163639049,True,5
8,rho,4,MLP,-0.05132963261668792,True,5
8,rho,4,Ridge,-0.0007771534442233107,True,6
8,rho,4,MLP,-0.04689913423174432,True,6
8,rho,4,Ridge,-0.0009747036365217454,True,7
8,rho,4,MLP,-0.04843669477836441,True,7
8,rho,4,Ridge,-0.0009453896357396018,True,8
8,rho,4,MLP,-0.044732567680038436,True,8
8,rho,4,Ridge,-0.0006009819425880636,True,9
8,rho,4,MLP,-0.047986693683192264,True,9
8,rho,5,Ridge,0.6784645910761556,False,-1
8,rho,5,MLP,0.9396684107408315,False,-1
8,rho,5,Ridge,-0.0008915704568139837,True,0
8,rho,5,MLP,-0.04672681923424551,True,0
8,rho,5,Ridge,-0.0009143331714454473,True,1
8,rho,5,MLP,-0.04355922023097869,True,1
8,rho,5,Ridge,-0.0007855966102077617,True,2
8,rho,5,MLP,-0.04558067246888751,True,2
8,rho,5,Ridge,-0.0009540917388651593,True,3
8,rho,5,MLP,-0.049407345324579,True,3
8,rho,5,Ridge,-0.0005815136471873039,True,4
8,rho,5,MLP,-0.04648324580019283,True,4
8,rho,5,Ridge,-0.0007691305981600838,True,5
8,rho,5,MLP,-0.045123307474011345,True,5
8,rho,5,Ridge,-0.0010437515977519852,True,6
8,rho,5,MLP,-0.049427242278823336,True,6
8,rho,5,Ridge,-0.0007282181744521887,True,7
8,rho,5,MLP,-0.04377547868524445,True,7
8,rho,5,Ridge,-0.0006121991125710658,True,8
8,rho,5,MLP,-0.04570766495118348,True,8
8,rho,5,Ridge,-0.0008450379790022388,True,9
8,rho,5,MLP,-0.0432401109649259,True,9
5,V_t,agg,Ridge,0.9192402030048745,False,-1
5,V_t,agg,MLP,0.9665159429659618,False,-1
5,V_t,agg,Ridge,-0.0008429432500187239,True,0
5,V_t,agg,MLP,-0.008369055348536047,True,0
5,V_t,agg,Ridge,-0.0007225075964534478,True,1
5,V_t,agg,MLP,-0.010947420420692211,True,1
5,V_t,agg,Ridge,-0.001032030050581989,True,2
5,V_t,agg,MLP,-0.00964710263323254,True,2
5,V_t,agg,Ridge,-0.0009142057362418576,True,3
5,V_t,agg,MLP,-0.01073482636192762,True,3
5,V_t,agg,Ridge,-0.0008942656573751595,True,4
5,V_t,agg,MLP,-0.010202716167976123,True,4
5,V_t,agg,Ridge,-0.001016764745619625,True,5
5,V_t,agg,MLP,-0.009860451575377826,True,5
5,V_t,agg,Ridge,-0.0011645484240265346,True,6
5,V_t,agg,MLP,-0.00963676622368781,True,6
5,V_t,agg,Ridge,-0.001114697362586048,True,7
5,V_t,agg,MLP,-0.01045586251380568,True,7
5,V_t,agg,Ridge,-0.0006569794024289477,True,8
5,V_t,agg,MLP,-0.008902165066421608,True,8
5,V_t,agg,Ridge,-0.0008211597962905603,True,9
5,V_t,agg,MLP,-0.010125125544530355,True,9
5,mu,0,Ridge,0.4681982332238504,False,-1
5,mu,0,MLP,0.8337234305509064,False,-1
5,mu,0,Ridge,-0.0008181500726507807,True,0
5,mu,0,MLP,-0.012522967202974166,True,0
5,mu,0,Ridge,-0.0008079272640759694,True,1
5,mu,0,MLP,-0.01174257506985632,True,1
5,mu,0,Ridge,-0.000981958113318182,True,2
5,mu,0,MLP,-0.011899464832573915,True,2
5,mu,0,Ridge,-0.001216695681533242,True,3
5,mu,0,MLP,-0.01057392394462262,True,3
5,mu,0,Ridge,-0.0009386977805387886,True,4
5,mu,0,MLP,-0.010655690970727027,True,4
5,mu,0,Ridge,-0.0009298929151457802,True,5
5,mu,0,MLP,-0.010805301659362509,True,5
5,mu,0,Ridge,-0.0012330256946978314,True,6
5,mu,0,MLP,-0.010881919876239632,True,6
5,mu,0,Ridge,-0.0009914260295416089,True,7
5,mu,0,MLP,-0.011361791402645682,True,7
5,mu,0,Ridge,-0.0006255397196964108,True,8
5,mu,0,MLP,-0.011130624091757468,True,8
5,mu,0,Ridge,-0.0013240140775724995,True,9
5,mu,0,MLP,-0.012866354862791463,True,9
5,mu,1,Ridge,0.4584616904750292,False,-1
5,mu,1,MLP,0.8675158807379205,False,-1
5,mu,1,Ridge,-0.0009445848195907657,True,0
5,mu,1,MLP,-0.011407891607316412,True,0
5,mu,1,Ridge,-0.0008492978342820922,True,1
5,mu,1,MLP,-0.010558509569525486,True,1
5,mu,1,Ridge,-0.0008609488857106218,True,2
5,mu,1,MLP,-0.01167468238265803,True,2
5,mu,1,Ridge,-0.0011453077297784553,True,3
5,mu,1,MLP,-0.012044348217865064,True,3
5,mu,1,Ridge,-0.0008206024616510099,True,4
5,mu,1,MLP,-0.011450312850276978,True,4
5,mu,1,Ridge,-0.0008979214886732922,True,5
5,mu,1,MLP,-0.011714394694701546,True,5
5,mu,1,Ridge,-0.0008725522005689435,True,6
5,mu,1,MLP,-0.011839527820614792,True,6
5,mu,1,Ridge,-0.0008894343156262252,True,7
5,mu,1,MLP,-0.0108380917207743,True,7
5,mu,1,Ridge,-0.0009788046853119515,True,8
5,mu,1,MLP,-0.011342404686478647,True,8
5,mu,1,Ridge,-0.000898662736851552,True,9
5,mu,1,MLP,-0.012645999454805068,True,9
5,mu,2,Ridge,0.49343620693662177,False,-1
5,mu,2,MLP,0.8491849179134195,False,-1
5,mu,2,Ridge,-0.0007018620317689628,True,0
5,mu,2,MLP,-0.010986369117219752,True,0
5,mu,2,Ridge,-0.0010415653760856626,True,1
5,mu,2,MLP,-0.011270994774612086,True,1
5,mu,2,Ridge,-0.0007054276256965419,True,2
5,mu,2,MLP,-0.011792113786456993,True,2
5,mu,2,Ridge,-0.0010357652401197458,True,3
5,mu,2,MLP,-0.012327324356937374,True,3
5,mu,2,Ridge,-0.0005695442513212523,True,4
5,mu,2,MLP,-0.010164882638512784,True,4
5,mu,2,Ridge,-0.0008726559035877379,True,5
5,mu,2,MLP,-0.010332641990120761,True,5
5,mu,2,Ridge,-0.0008910294442417311,True,6
5,mu,2,MLP,-0.011025521856867605,True,6
5,mu,2,Ridge,-0.00036107115035659553,True,7
5,mu,2,MLP,-0.011856507550267681,True,7
5,mu,2,Ridge,-0.0009314602015196183,True,8
5,mu,2,MLP,-0.01242985177827718,True,8
5,mu,2,Ridge,-0.0013293576587333211,True,9
5,mu,2,MLP,-0.013089970295318531,True,9
5,mu,3,Ridge,0.38100236606984156,False,-1
5,mu,3,MLP,0.8233425460592828,False,-1
5,mu,3,Ridge,-0.0009663685599298865,True,0
5,mu,3,MLP,-0.011990309480801464,True,0
5,mu,3,Ridge,-0.0007657374022432606,True,1
5,mu,3,MLP,-0.010954525989839592,True,1
5,mu,3,Ridge,-0.0009653916546093378,True,2
5,mu,3,MLP,-0.010834384891935,True,2
5,mu,3,Ridge,-0.0006324299172690839,True,3
5,mu,3,MLP,-0.010355949905700924,True,3
5,mu,3,Ridge,-0.001020336915778186,True,4
5,mu,3,MLP,-0.011770505432598144,True,4
5,mu,3,Ridge,-0.0008787274585849491,True,5
5,mu,3,MLP,-0.01120162690301485,True,5
5,mu,3,Ridge,-0.0007796133420454821,True,6
5,mu,3,MLP,-0.010608194898750156,True,6
5,mu,3,Ridge,-0.0008018758012807492,True,7
5,mu,3,MLP,-0.011812888322685433,True,7
5,mu,3,Ridge,-0.0007847823756305771,True,8
5,mu,3,MLP,-0.011988968443490178,True,8
5,mu,3,Ridge,-0.0011581246755044462,True,9
5,mu,3,MLP,-0.011396652224331439,True,9
5,mu,4,Ridge,0.5991519805843243,False,-1
5,mu,4,MLP,0.890484175725373,False,-1
5,mu,4,Ridge,-0.0010550208790357728,True,0
5,mu,4,MLP,-0.012023268497551998,True,0
5,mu,4,Ridge,-0.0007451897883311576,True,1
5,mu,4,MLP,-0.012778562984286212,True,1
5,mu,4,Ridge,-0.0008564778429838605,True,2
5,mu,4,MLP,-0.011359211545509363,True,2
5,mu,4,Ridge,-0.0010489339137446762,True,3
5,mu,4,MLP,-0.012306499893401135,True,3
5,mu,4,Ridge,-0.0013563660650812714,True,4
5,mu,4,MLP,-0.01158864242409945,True,4
5,mu,4,Ridge,-0.0004425667172986314,True,5
5,mu,4,MLP,-0.010608100306296641,True,5
5,mu,4,Ridge,-0.0006227529329834614,True,6
5,mu,4,MLP,-0.012262210903461534,True,6
5,mu,4,Ridge,-0.0007136745772462483,True,7
5,mu,4,MLP,-0.01279333057296177,True,7
5,mu,4,Ridge,-0.000911901270673976,True,8
5,mu,4,MLP,-0.011157079488372945,True,8
5,mu,4,Ridge,-0.0007301945908425811,True,9
5,mu,4,MLP,-0.012807495710847184,True,9
5,mu,5,Ridge,0.35699568418576383,False,-1
5,mu,5,MLP,0.799981224634408,False,-1
5,mu,5,Ridge,-0.0005704367573856395,True,0
5,mu,5,MLP,-0.01168962853739508,True,0
5,mu,5,Ridge,-0.0007601850248841968,True,1
5,mu,5,MLP,-0.011752347655457384,True,1
5,mu,5,Ridge,-0.0005577455232605111,True,2
5,mu,5,MLP,-0.011378301898373789,True,2
5,mu,5,Ridge,-0.001186650629895114,True,3
5,mu,5,MLP,-0.011693823370767787,True,3
5,mu,5,Ridge,-0.0011930912752176504,True,4
5,mu,5,MLP,-0.011226153367513403,True,4
5,mu,5,Ridge,-0.0010127319986654726,True,5
5,mu,5,MLP,-0.011172911981616051,True,5
5,mu,5,Ridge,-0.0007836634343474369,True,6
5,mu,5,MLP,-0.011706431381346194,True,6
5,mu,5,Ridge,-0.0009495122328394334,True,7
5,mu,5,MLP,-0.009935348028856695,True,7
5,mu,5,Ridge,-0.0008076135763196435,True,8
5,mu,5,MLP,-0.01011931736156595,True,8
5,mu,5,Ridge,-0.0006606784313057723,True,9
5,mu,5,MLP,-0.01038485443214623,True,9
5,lambda,0,Ridge,0.7239903467134388,False,-1
5,lambda,0,MLP,0.9069354234880137,False,-1
5,lambda,0,Ridge,-0.0006766914969895677,True,0
5,lambda,0,MLP,-0.035782142509765705,True,0
5,lambda,0,Ridge,-0.0006977978351691228,True,1
5,lambda,0,MLP,-0.040149402120132474,True,1
5,lambda,0,Ridge,-0.0006185795253613957,True,2
5,lambda,0,MLP,-0.03569400532322824,True,2
5,lambda,0,Ridge,-0.0005393195424428399,True,3
5,lambda,0,MLP,-0.03360473934781734,True,3
5,lambda,0,Ridge,-0.0009166045939652534,True,4
5,lambda,0,MLP,-0.04830462145590757,True,4
5,lambda,0,Ridge,-0.0009414114304600485,True,5
5,lambda,0,MLP,-0.03532831934218215,True,5
5,lambda,0,Ridge,-0.001069378462111681,True,6
5,lambda,0,MLP,-0.03751010108190815,True,6
5,lambda,0,Ridge,-0.0011517351857981417,True,7
5,lambda,0,MLP,-0.03592405836854438,True,7
5,lambda,0,Ridge,-0.000810256024740097,True,8
5,lambda,0,MLP,-0.045410081928566146,True,8
5,lambda,0,Ridge,-0.0010027317326327446,True,9
5,lambda,0,MLP,-0.040270171215204355,True,9
5,lambda,1,Ridge,0.7973185534796323,False,-1
5,lambda,1,MLP,0.9375303985171721,False,-1
5,lambda,1,Ridge,-0.0009932307534300743,True,0
5,lambda,1,MLP,-0.04135778093874567,True,0
5,lambda,1,Ridge,-0.000656413964243674,True,1
5,lambda,1,MLP,-0.040957431314513036,True,1
5,lambda,1,Ridge,-0.0009255336060904451,True,2
5,lambda,1,MLP,-0.04187651662768035,True,2
5,lambda,1,Ridge,-0.0006314669436579656,True,3
5,lambda,1,MLP,-0.035099551206477564,True,3
5,lambda,1,Ridge,-0.0007887353412610043,True,4
5,lambda,1,MLP,-0.03314535248858239,True,4
5,lambda,1,Ridge,-0.00028141367195786413,True,5
5,lambda,1,MLP,-0.04086755751585578,True,5
5,lambda,1,Ridge,-0.0007750372472665301,True,6
5,lambda,1,MLP,-0.03426942036425436,True,6
5,lambda,1,Ridge,-0.0005454103521793652,True,7
5,lambda,1,MLP,-0.03303094134914257,True,7
5,lambda,1,Ridge,-0.0009063655043570762,True,8
5,lambda,1,MLP,-0.039323572351778455,True,8
5,lambda,1,Ridge,-0.0009203979519227801,True,9
5,lambda,1,MLP,-0.03371560302798926,True,9
5,lambda,2,Ridge,0.7633461188857458,False,-1
5,lambda,2,MLP,0.917815075138685,False,-1
5,lambda,2,Ridge,-0.000848473157386831,True,0
5,lambda,2,MLP,-0.041327553364705415,True,0
5,lambda,2,Ridge,-0.0011462202142127787,True,1
5,lambda,2,MLP,-0.04044674034439359,True,1
5,lambda,2,Ridge,-0.0006624334977342716,True,2
5,lambda,2,MLP,-0.03744632277923974,True,2
5,lambda,2,Ridge,-0.0010305885616202826,True,3
5,lambda,2,MLP,-0.04779876641895146,True,3
5,lambda,2,Ridge,-0.0011976100468061635,True,4
5,lambda,2,MLP,-0.04086244421188083,True,4
5,lambda,2,Ridge,-0.0007953023088064448,True,5
5,lambda,2,MLP,-0.0390245882796779,True,5
5,lambda,2,Ridge,-0.0012833808396451652,True,6
5,lambda,2,MLP,-0.04195225196494094,True,6
5,lambda,2,Ridge,-0.0008326665289441149,True,7
5,lambda,2,MLP,-0.03734620021218356,True,7
5,lambda,2,Ridge,-0.0005533107848008978,True,8
5,lambda,2,MLP,-0.03778815204247059,True,8
5,lambda,2,Ridge,-0.0008495519966939646,True,9
5,lambda,2,MLP,-0.03593656790051995,True,9
5,lambda,3,Ridge,0.7442626976680158,False,-1
5,lambda,3,MLP,0.9284042111788405,False,-1
5,lambda,3,Ridge,-0.0008054430335487694,True,0
5,lambda,3,MLP,-0.03712190259893884,True,0
5,lambda,3,Ridge,-0.000650658589053199,True,1
5,lambda,3,MLP,-0.04965855426444672,True,1
5,lambda,3,Ridge,-0.0008922722877858114,True,2
5,lambda,3,MLP,-0.04057100066247217,True,2
5,lambda,3,Ridge,-0.0008970106522678378,True,3
5,lambda,3,MLP,-0.04283720762018075,True,3
5,lambda,3,Ridge,-0.0009696113132893647,True,4
5,lambda,3,MLP,-0.04061831697086191,True,4
5,lambda,3,Ridge,-0.0010117667771716743,True,5
5,lambda,3,MLP,-0.037984537873000955,True,5
5,lambda,3,Ridge,-0.0007977737717668632,True,6
5,lambda,3,MLP,-0.037114695791524085,True,6
5,lambda,3,Ridge,-0.0010424923846223066,True,7
5,lambda,3,MLP,-0.03141146207945984,True,7
5,lambda,3,Ridge,-0.0007733174297865463,True,8
5,lambda,3,MLP,-0.03869407174560502,True,8
5,lambda,3,Ridge,-0.0006532813141945759,True,9
5,lambda,3,MLP,-0.039234149436169874,True,9
5,lambda,4,Ridge,0.7019481622028356,False,-1
5,lambda,4,MLP,0.8974744399828367,False,-1
5,lambda,4,Ridge,-0.000919711953668445,True,0
5,lambda,4,MLP,-0.03464727381900943,True,0
5,lambda,4,Ridge,-0.0007305524322493984,True,1
5,lambda,4,MLP,-0.037598544062885965,True,1
5,lambda,4,Ridge,-0.0012388344813875295,True,2
5,lambda,4,MLP,-0.04124347941445072,True,2
5,lambda,4,Ridge,-0.0006902175214348993,True,3
5,lambda,4,MLP,-0.04168916888359266,True,3
5,lambda,4,Ridge,-0.001400027155773076,True,4
5,lambda,4,MLP,-0.04073880558460523,True,4
5,lambda,4,Ridge,-0.00028892118923340426,True,5
5,lambda,4,MLP,-0.03474769465337206,True,5
5,lambda,4,Ridge,-0.0003176428762957428,True,6
5,lambda,4,MLP,-0.03014754675135691,True,6
5,lambda,4,Ridge,-0.0009119483614061341,True,7
5,lambda,4,MLP,-0.03464014268432094,True,7
5,lambda,4,Ridge,-0.0005658170418228137,True,8
5,lambda,4,MLP,-0.0360441524162534,True,8
5,lambda,4,Ridge,-0.0008133598175712464,True,9
5,lambda,4,MLP,-0.045136856472680974,True,9
5,lambda,5,Ridge,0.6418508901461704,False,-1
5,lambda,5,MLP,0.9038638403577732,False,-1
5,lambda,5,Ridge,-0.0007581582814583321,True,0
5,lambda,5,MLP,-0.03606395913416747,True,0
5,lambda,5,Ridge,-0.0007931564807769131,True,1
5,lambda,5,MLP,-0.037819057020484645,True,1
5,lambda,5,Ridge,-0.0009549762847984144,True,2
5,lambda,5,MLP,-0.03715559344872843,True,2
5,lambda,5,Ridge,-0.0005260190860658209,True,3
5,lambda,5,MLP,-0.03723063774697359,True,3
5,lambda,5,Ridge,-0.0007115318499621548,True,4
5,lambda,5,MLP,-0.03154638301927237,True,4
5,lambda,5,Ridge,-0.0007497936847162823,True,5
5,lambda,5,MLP,-0.04307105887542799,True,5
5,lambda,5,Ridge,-0.0007619500638726074,True,6
5,lambda,5,MLP,-0.04111796230689317,True,6
5,lambda,5,Ridge,-0.0006506309319133762,True,7
5,lambda,5,MLP,-0.03617507245825933,True,7
5,lambda,5,Ridge,-0.0006428412055422772,True,8
5,lambda,5,MLP,-0.0367988526084043,True,8
5,lambda,5,Ridge,-0.0010539220425347384,True,9
5,lambda,5,MLP,-0.0409206659356379,True,9
5,rho,0,Ridge,0.7037689030705003,False,-1
5,rho,0,MLP,0.9290044540647804,False,-1
5,rho,0,Ridge,-0.0010898004596181289,True,0
5,rho,0,MLP,-0.04780100025717791,True,0
5,rho,0,Ridge,-0.0006386785265342976,True,1
5,rho,0,MLP,-0.0488891386608743,True,1
5,rho,0,Ridge,-0.0008438627433854595,True,2
5,rho,0,MLP,-0.047137805808260234,True,2
5,rho,0,Ridge,-0.000984889898915009,True,3
5,rho,0,MLP,-0.04599261100188752,True,3
5,rho,0,Ridge,-0.0008295075576821187,True,4
5,rho,0,MLP,-0.04346809967460472,True,4
5,rho,0,Ridge,-0.0010361594703304888,True,5
5,rho,0,MLP,-0.043699581997120915,True,5
5,rho,0,Ridge,-0.0007624640777721403,True,6
5,rho,0,MLP,-0.04849651169925884,True,6
5,rho,0,Ridge,-0.001095052092563531,True,7
5,rho,0,MLP,-0.04798396416731907,True,7
5,rho,0,Ridge,-0.0005585885494657327,True,8
5,rho,0,MLP,-0.04851105689669648,True,8
5,rho,0,Ridge,-0.000861895653097866,True,9
5,rho,0,MLP,-0.04468924663880176,True,9
5,rho,1,Ridge,0.7093886595677026,False,-1
5,rho,1,MLP,0.9431668763410613,False,-1
5,rho,1,Ridge,-0.0005056995620915661,True,0
5,rho,1,MLP,-0.04671222465941556,True,0
5,rho,1,Ridge,-0.0010565489234847457,True,1
5,rho,1,MLP,-0.045487437986766466,True,1
5,rho,1,Ridge,-0.0005081044207235763,True,2
5,rho,1,MLP,-0.047295053700627365,True,2
5,rho,1,Ridge,-0.0007852184483386537,True,3
5,rho,1,MLP,-0.048507166802764436,True,3
5,rho,1,Ridge,-0.0009504678364849362,True,4
5,rho,1,MLP,-0.04594714964735029,True,4
5,rho,1,Ridge,-0.0008539181233825577,True,5
5,rho,1,MLP,-0.04655812465725688,True,5
5,rho,1,Ridge,-0.0008279380168043637,True,6
5,rho,1,MLP,-0.04782297654551071,True,6
5,rho,1,Ridge,-0.000712734655444125,True,7
5,rho,1,MLP,-0.04847178662360383,True,7
5,rho,1,Ridge,-0.0011647371469232226,True,8
5,rho,1,MLP,-0.04832002066511003,True,8
5,rho,1,Ridge,-0.0007761513035265732,True,9
5,rho,1,MLP,-0.04710022997159284,True,9
5,rho,2,Ridge,0.7189702952444398,False,-1
5,rho,2,MLP,0.9485832575608031,False,-1
5,rho,2,Ridge,-0.0011098302005744464,True,0
5,rho,2,MLP,-0.047799010191526214,True,0
5,rho,2,Ridge,-0.0006769409953899074,True,1
5,rho,2,MLP,-0.04839317581026932,True,1
5,rho,2,Ridge,-0.0010283264318854623,True,2
5,rho,2,MLP,-0.04837907537246573,True,2
5,rho,2,Ridge,-0.001036187668689914,True,3
5,rho,2,MLP,-0.046456325309904935,True,3
5,rho,2,Ridge,-0.0009551957527729638,True,4
5,rho,2,MLP,-0.04502876529769195,True,4
5,rho,2,Ridge,-0.0006400835376429992,True,5
5,rho,2,MLP,-0.050834640599849254,True,5
5,rho,2,Ridge,-0.0008560757943613772,True,6
5,rho,2,MLP,-0.04368391355982961,True,6
5,rho,2,Ridge,-0.0011807820349485798,True,7
5,rho,2,MLP,-0.047947197015035005,True,7
5,rho,2,Ridge,-0.0007521942463682762,True,8
5,rho,2,MLP,-0.04901653712865537,True,8
5,rho,2,Ridge,-0.0008925214632338641,True,9
5,rho,2,MLP,-0.047275398141147826,True,9
5,rho,3,Ridge,0.8299497568746672,False,-1
5,rho,3,MLP,0.9734298549454123,False,-1
5,rho,3,Ridge,-0.0007142310340052082,True,0
5,rho,3,MLP,-0.043649280344200125,True,0
5,rho,3,Ridge,-0.0008927304813638681,True,1
5,rho,3,MLP,-0.04759532322795255,True,1
5,rho,3,Ridge,-0.000619010676435372,True,2
5,rho,3,MLP,-0.042387427427817315,True,2
5,rho,3,Ridge,-0.0007798414763702244,True,3
5,rho,3,MLP,-0.05123181019588694,True,3
5,rho,3,Ridge,-0.000787383279340137,True,4
5,rho,3,MLP,-0.046470214586184035,True,4
5,rho,3,Ridge,-0.0007652873920045878,True,5
5,rho,3,MLP,-0.04821261762205742,True,5
5,rho,3,Ridge,-0.0011334516281327645,True,6
5,rho,3,MLP,-0.04462412938901621,True,6
5,rho,3,Ridge,-0.0007224257897436636,True,7
5,rho,3,MLP,-0.0464542698985936,True,7
5,rho,3,Ridge,-0.0007428808008454358,True,8
5,rho,3,MLP,-0.04572696996033554,True,8
5,rho,3,Ridge,-0.001123655068914875,True,9
5,rho,3,MLP,-0.04812359177654564,True,9
5,rho,4,Ridge,0.593932412819788,False,-1
5,rho,4,MLP,0.9526641167965362,False,-1
5,rho,4,Ridge,-0.0008185064041651202,True,0
5,rho,4,MLP,-0.0495577502187722,True,0
5,rho,4,Ridge,-0.0010381869206700146,True,1
5,rho,4,MLP,-0.046314043222434396,True,1
5,rho,4,Ridge,-0.0007118535816525995,True,2
5,rho,4,MLP,-0.04696645433090829,True,2
5,rho,4,Ridge,-0.00145218905878437,True,3
5,rho,4,MLP,-0.04654568635967089,True,3
5,rho,4,Ridge,-0.0008723897561129679,True,4
5,rho,4,MLP,-0.046622373609283764,True,4
5,rho,4,Ridge,-0.0008012517873920543,True,5
5,rho,4,MLP,-0.04594966416143187,True,5
5,rho,4,Ridge,-0.0005518197007611913,True,6
5,rho,4,MLP,-0.046176267638168914,True,6
5,rho,4,Ridge,-0.0008109802682466416,True,7
5,rho,4,MLP,-0.043498692121864566,True,7
5,rho,4,Ridge,-0.0008628511902728953,True,8
5,rho,4,MLP,-0.047183769376232164,True,8
5,rho,4,Ridge,-0.00046832572773447545,True,9
5,rho,4,MLP,-0.04417949483722463,True,9
5,rho,5,Ridge,0.6841398855761115,False,-1
5,rho,5,MLP,0.9092768565226683,False,-1
5,rho,5,Ridge,-0.0009760861917613272,True,0
5,rho,5,MLP,-0.04302400544536651,True,0
5,rho,5,Ridge,-0.000978986607468979,True,1
5,rho,5,MLP,-0.04891927745462166,True,1
5,rho,5,Ridge,-0.0008858360357751671,True,2
5,rho,5,MLP,-0.04780702230937388,True,2
5,rho,5,Ridge,-0.0006970647880720548,True,3
5,rho,5,MLP,-0.04690397327486453,True,3
5,rho,5,Ridge,-0.0009756387422727552,True,4
5,rho,5,MLP,-0.043276116419679676,True,4
5,rho,5,Ridge,-0.0005506929570239238,True,5
5,rho,5,MLP,-0.04800542004958923,True,5
5,rho,5,Ridge,-0.001154724245933636,True,6
5,rho,5,MLP,-0.04603095438178917,True,6
5,rho,5,Ridge,-0.0010179754361525184,True,7
5,rho,5,MLP,-0.047014569880590516,True,7
5,rho,5,Ridge,-0.000661220171886634,True,8
5,rho,5,MLP,-0.04845134401170723,True,8
5,rho,5,Ridge,-0.0007622937898507321,True,9
5,rho,5,MLP,-0.04743447185573513,True,9
7,V_t,agg,Ridge,0.92228631650142,False,-1
7,V_t,agg,MLP,0.9745154733786168,False,-1
7,V_t,agg,Ridge,-0.0009515130825533014,True,0
7,V_t,agg,MLP,-0.008889855339569097,True,0
7,V_t,agg,Ridge,-0.0007827075302672349,True,1
7,V_t,agg,MLP,-0.01048883943160761,True,1
7,V_t,agg,Ridge,-0.0010314237708014319,True,2
7,V_t,agg,MLP,-0.010451328499280743,True,2
7,V_t,agg,Ridge,-0.0006539238162477812,True,3
7,V_t,agg,MLP,-0.009070149403659888,True,3
7,V_t,agg,Ridge,-0.0006537369024184781,True,4
7,V_t,agg,MLP,-0.008455562975617826,True,4
7,V_t,agg,Ridge,-0.0012991104008678533,True,5
7,V_t,agg,MLP,-0.011314519091287778,True,5
7,V_t,agg,Ridge,-0.0009187840551103665,True,6
7,V_t,agg,MLP,-0.011102106445547877,True,6
7,V_t,agg,Ridge,-0.000959820496536734,True,7
7,V_t,agg,MLP,-0.010329414285505756,True,7
7,V_t,agg,Ridge,-0.0005903265668165458,True,8
7,V_t,agg,MLP,-0.010531628783976598,True,8
7,V_t,agg,Ridge,-0.0007901363279051665,True,9
7,V_t,agg,MLP,-0.009580150454088531,True,9
7,mu,0,Ridge,0.5179859960401085,False,-1
7,mu,0,MLP,0.9141720339376057,False,-1
7,mu,0,Ridge,-0.0007879129866608548,True,0
7,mu,0,MLP,-0.010754781337146913,True,0
7,mu,0,Ridge,-0.0012312574554012023,True,1
7,mu,0,MLP,-0.01129503892600674,True,1
7,mu,0,Ridge,-0.0008359170152999251,True,2
7,mu,0,MLP,-0.009997562981087693,True,2
7,mu,0,Ridge,-0.0009351445589032892,True,3
7,mu,0,MLP,-0.01154062510017897,True,3
7,mu,0,Ridge,-0.0006058640282113892,True,4
7,mu,0,MLP,-0.010406458860339108,True,4
7,mu,0,Ridge,-0.00110727978547005,True,5
7,mu,0,MLP,-0.011535123902865107,True,5
7,mu,0,Ridge,-0.0010825555178896717,True,6
7,mu,0,MLP,-0.01018669430277468,True,6
7,mu,0,Ridge,-0.0009199466058662509,True,7
7,mu,0,MLP,-0.011220500650486454,True,7
7,mu,0,Ridge,-0.0012460947409683953,True,8
7,mu,0,MLP,-0.010549731605989755,True,8
7,mu,0,Ridge,-0.0010055023699505838,True,9
7,mu,0,MLP,-0.010996424708527597,True,9
7,mu,1,Ridge,0.5322457878098852,False,-1
7,mu,1,MLP,0.8948388746761433,False,-1
7,mu,1,Ridge,-0.0007857116209593062,True,0
7,mu,1,MLP,-0.009800847839294403,True,0
7,mu,1,Ridge,-0.0008475198839589026,True,1
7,mu,1,MLP,-0.011983986035598582,True,1
7,mu,1,Ridge,-0.0010925663197749902,True,2
7,mu,1,MLP,-0.010901919703560959,True,2
7,mu,1,Ridge,-0.0009168724841781106,True,3
7,mu,1,MLP,-0.010785248157011118,True,3
7,mu,1,Ridge,-0.0007861102347958227,True,4
7,mu,1,MLP,-0.012232456481322762,True,4
7,mu,1,Ridge,-0.0008802953884408105,True,5
7,mu,1,MLP,-0.012065902139778206,True,5
7,mu,1,Ridge,-0.0005343297269224223,True,6
7,mu,1,MLP,-0.01022809603150412,True,6
7,mu,1,Ridge,-0.0005771866942967385,True,7
7,mu,1,MLP,-0.012509569455577019,True,7
7,mu,1,Ridge,-0.0009819674534747858,True,8
7,mu,1,MLP,-0.01150011511801372,True,8
7,mu,1,Ridge,-0.0008640557760701383,True,9
7,mu,1,MLP,-0.010461606042773842,True,9
7,mu,2,Ridge,0.4478295599291317,False,-1
7,mu,2,MLP,0.9047192264694113,False,-1
7,mu,2,Ridge,-0.000668964154153473,True,0
7,mu,2,MLP,-0.011266357843828257,True,0
7,mu,2,Ridge,-0.0006438742238162876,True,1
7,mu,2,MLP,-0.012339951895128109,True,1
7,mu,2,Ridge,-0.0005169035101981079,True,2
7,mu,2,MLP,-0.011725159192509915,True,2
7,mu,2,Ridge,-0.0006216046435206568,True,3
7,mu,2,MLP,-0.010607775241618845,True,3
7,mu,2,Ridge,-0.0009479568939266602,True,4
7,mu,2,MLP,-0.011698787996308324,True,4
7,mu,2,Ridge,-0.0009377110706497493,True,5
7,mu,2,MLP,-0.010262041758238815,True,5
7,mu,2,Ridge,-0.0008220551622900807,True,6
7,mu,2,MLP,-0.011028958290258517,True,6
7,mu,2,Ridge,-0.0005344231849530479,True,7
7,mu,2,MLP,-0.010850461118833898,True,7
7,mu,2,Ridge,-0.0010549703059981486,True,8
7,mu,2,MLP,-0.011396920936120125,True,8
7,mu,2,Ridge,-0.0010614990715672513,True,9
7,mu,2,MLP,-0.012117284644345184,True,9
7,mu,3,Ridge,0.4681033597196274,False,-1
7,mu,3,MLP,0.8682976568690224,False,-1
7,mu,3,Ridge,-0.0009105983917097937,True,0
7,mu,3,MLP,-0.011802133180248652,True,0
7,mu,3,Ridge,-0.0010455134920330789,True,1
7,mu,3,MLP,-0.011736422094963927,True,1
7,mu,3,Ridge,-0.0012078624714515485,True,2
7,mu,3,MLP,-0.010970389537051784,True,2
7,mu,3,Ridge,-0.0009612624778031709,True,3
7,mu,3,MLP,-0.012279826468590826,True,3
7,mu,3,Ridge,-0.0011789195314518164,True,4
7,mu,3,MLP,-0.011210311659535632,True,4
7,mu,3,Ridge,-0.0008924358263238564,True,5
7,mu,3,MLP,-0.010448618037232826,True,5
7,mu,3,Ridge,-0.0009970854683332142,True,6
7,mu,3,MLP,-0.011000096549502958,True,6
7,mu,3,Ridge,-0.00079206712743769,True,7
7,mu,3,MLP,-0.00979429807650214,True,7
7,mu,3,Ridge,-0.0007706738776552147,True,8
7,mu,3,MLP,-0.011340464139542839,True,8
7,mu,3,Ridge,-0.0011885870550477407,True,9
7,mu,3,MLP,-0.01127957375827382,True,9
7,mu,4,Ridge,0.6108187278269612,False,-1
7,mu,4,MLP,0.9236043764382558,False,-1
7,mu,4,Ridge,-0.0009078023347084852,True,0
7,mu,4,MLP,-0.011588952064049751,True,0
7,mu,4,Ridge,-0.0006990874509175349,True,1
7,mu,4,MLP,-0.009524064996993164,True,1
7,mu,4,Ridge,-0.0007544913138723519,True,2
7,mu,4,MLP,-0.01122124531205615,True,2
7,mu,4,Ridge,-0.0010677122447610098,True,3
7,mu,4,MLP,-0.012085605549920197,True,3
7,mu,4,Ridge,-0.0007744763136135369,True,4
7,mu,4,MLP,-0.01066936666283822,True,4
7,mu,4,Ridge,-0.0008375510931700525,True,5
7,mu,4,MLP,-0.009987025613278267,True,5
7,mu,4,Ridge,-0.0005349165291424374,True,6
7,mu,4,MLP,-0.01030817107725257,True,6
7,mu,4,Ridge,-0.0006965109325754781,True,7
7,mu,4,MLP,-0.010369313219524922,True,7
7,mu,4,Ridge,-0.0008670877473266447,True,8
7,mu,4,MLP,-0.010922064655949536,True,8
7,mu,4,Ridge,-0.001071038692157389,True,9
7,mu,4,MLP,-0.011845048044701212,True,9
7,mu,5,Ridge,0.4623222637778028,False,-1
7,mu,5,MLP,0.886198625063803,False,-1
7,mu,5,Ridge,-0.0007364187427412628,True,0
7,mu,5,MLP,-0.010784019781809784,True,0
7,mu,5,Ridge,-0.0008965158508638993,True,1
7,mu,5,MLP,-0.011429540522749004,True,1
7,mu,5,Ridge,-0.0007676960409201516,True,2
7,mu,5,MLP,-0.011461835589366798,True,2
7,mu,5,Ridge,-0.0008891960522466214,True,3
7,mu,5,MLP,-0.011165290454980737,True,3
7,mu,5,Ridge,-0.0007379365352295775,True,4
7,mu,5,MLP,-0.011577153679945829,True,4
7,mu,5,Ridge,-0.0008477793313710791,True,5
7,mu,5,MLP,-0.010517825222994447,True,5
7,mu,5,Ridge,-0.0004735696502405018,True,6
7,mu,5,MLP,-0.012073982772536995,True,6
7,mu,5,Ridge,-0.0008642223569224061,True,7
7,mu,5,MLP,-0.012231321228826132,True,7
7,mu,5,Ridge,-0.000702759889083504,True,8
7,mu,5,MLP,-0.011938469497217153,True,8
7,mu,5,Ridge,-0.00031194310778213106,True,9
7,mu,5,MLP,-0.010432965401734596,True,9
7,lambda,0,Ridge,0.7680251387320498,False,-1
7,lambda,0,MLP,0.9406962894036169,False,-1
7,lambda,0,Ridge,-0.0007396965269835132,True,0
7,lambda,0,MLP,-0.03069470230988238,True,0
7,lambda,0,Ridge,-0.0012299327379139858,True,1
7,lambda,0,MLP,-0.03165082955084535,True,1
7,lambda,0,Ridge,-0.000979915646930074,True,2
7,lambda,0,MLP,-0.03094876386263814,True,2
7,lambda,0,Ridge,-0.0007127201222326907,True,3
7,lambda,0,MLP,-0.03290636355118117,True,3
7,lambda,0,Ridge,-0.0008785973235802214,True,4
7,lambda,0,MLP,-0.036707265880443485,True,4
7,lambda,0,Ridge,-0.0004464632426616877,True,5
7,lambda,0,MLP,-0.030108477039197324,True,5
7,lambda,0,Ridge,-0.000980071194067378,True,6
7,lambda,0,MLP,-0.02918812021633599,True,6
7,lambda,0,Ridge,-0.0010261693497310542,True,7
7,lambda,0,MLP,-0.03171813418390825,True,7
7,lambda,0,Ridge,-0.0012320483288826179,True,8
7,lambda,0,MLP,-0.033631710884204136,True,8
7,lambda,0,Ridge,-0.0011258708909335446,True,9
7,lambda,0,MLP,-0.03744424588497956,True,9
7,lambda,1,Ridge,0.7737857856788178,False,-1
7,lambda,1,MLP,0.9465713695364262,False,-1
7,lambda,1,Ridge,-0.000814796595722056,True,0
7,lambda,1,MLP,-0.02862267770282223,True,0
7,lambda,1,Ridge,-0.0006273813203037992,True,1
7,lambda,1,MLP,-0.029497148992350296,True,1
7,lambda,1,Ridge,-0.0009110072776062683,True,2
7,lambda,1,MLP,-0.028667385976210193,True,2
7,lambda,1,Ridge,-0.0008513842347357637,True,3
7,lambda,1,MLP,-0.02695978686100107,True,3
7,lambda,1,Ridge,-0.00108524582594991,True,4
7,lambda,1,MLP,-0.033598648309545044,True,4
7,lambda,1,Ridge,-0.0006069304219111337,True,5
7,lambda,1,MLP,-0.025884028636657196,True,5
7,lambda,1,Ridge,-0.0008199549064986655,True,6
7,lambda,1,MLP,-0.033942845500126585,True,6
7,lambda,1,Ridge,-0.0010629727779280173,True,7
7,lambda,1,MLP,-0.03148661240458628,True,7
7,lambda,1,Ridge,-0.0010035136421972623,True,8
7,lambda,1,MLP,-0.030126961042228385,True,8
7,lambda,1,Ridge,-0.0009068315172879871,True,9
7,lambda,1,MLP,-0.027435595784235024,True,9
7,lambda,2,Ridge,0.7726381771657059,False,-1
7,lambda,2,MLP,0.9450361001175465,False,-1
7,lambda,2,Ridge,-0.001176645282603328,True,0
7,lambda,2,MLP,-0.029527411467019073,True,0
7,lambda,2,Ridge,-0.000606469867743531,True,1
7,lambda,2,MLP,-0.030176160058751567,True,1
7,lambda,2,Ridge,-0.0008077522319296815,True,2
7,lambda,2,MLP,-0.031094816834901007,True,2
7,lambda,2,Ridge,-0.0009203314029703425,True,3
7,lambda,2,MLP,-0.030854550791206713,True,3
7,lambda,2,Ridge,-0.0010137149062695804,True,4
7,lambda,2,MLP,-0.030691195708812246,True,4
7,lambda,2,Ridge,-0.0008628421761054828,True,5
7,lambda,2,MLP,-0.027142173414091263,True,5
7,lambda,2,Ridge,-0.0007040446118081522,True,6
7,lambda,2,MLP,-0.027409734742185953,True,6
7,lambda,2,Ridge,-0.0008157979825653249,True,7
7,lambda,2,MLP,-0.03355458732491794,True,7
7,lambda,2,Ridge,-0.0009301998956785962,True,8
7,lambda,2,MLP,-0.029869826336411043,True,8
7,lambda,2,Ridge,-0.0009737504624298232,True,9
7,lambda,2,MLP,-0.03150523515114663,True,9
7,lambda,3,Ridge,0.8474837361109412,False,-1
7,lambda,3,MLP,0.9613080040988112,False,-1
7,lambda,3,Ridge,-0.0009193018880783832,True,0
7,lambda,3,MLP,-0.02750757595672577,True,0
7,lambda,3,Ridge,-0.0011032261443948421,True,1
7,lambda,3,MLP,-0.03578939499041818,True,1
7,lambda,3,Ridge,-0.0010138801210893167,True,2
7,lambda,3,MLP,-0.033809208952113944,True,2
7,lambda,3,Ridge,-0.0008972163804644495,True,3
7,lambda,3,MLP,-0.03174200794833184,True,3
7,lambda,3,Ridge,-0.0007364185354569841,True,4
7,lambda,3,MLP,-0.0309152710037643,True,4
7,lambda,3,Ridge,-0.0012358914800728372,True,5
7,lambda,3,MLP,-0.032252133192695084,True,5
7,lambda,3,Ridge,-0.00088299709512909,True,6
7,lambda,3,MLP,-0.03153308603331282,True,6
7,lambda,3,Ridge,-0.0006307115520850726,True,7
7,lambda,3,MLP,-0.03728824188884543,True,7
7,lambda,3,Ridge,-0.0006176700695391002,True,8
7,lambda,3,MLP,-0.026869911691098914,True,8
7,lambda,3,Ridge,-0.0012434615564419272,True,9
7,lambda,3,MLP,-0.03476363871881647,True,9
7,lambda,4,Ridge,0.8397654295215891,False,-1
7,lambda,4,MLP,0.9598772193286456,False,-1
7,lambda,4,Ridge,-0.0011601642602816042,True,0
7,lambda,4,MLP,-0.03028009179700848,True,0
7,lambda,4,Ridge,-0.0007503328207130622,True,1
7,lambda,4,MLP,-0.03372961477757182,True,1
7,lambda,4,Ridge,-0.0010792290935313531,True,2
7,lambda,4,MLP,-0.028664742472329773,True,2
7,lambda,4,Ridge,-0.0007922005952910816,True,3
7,lambda,4,MLP,-0.025198816358577014,True,3
7,lambda,4,Ridge,-0.000867071900521621,True,4
7,lambda,4,MLP,-0.035339448534735675,True,4
7,lambda,4,Ridge,-0.0009665083998305235,True,5
7,lambda,4,MLP,-0.033582927157407384,True,5
7,lambda,4,Ridge,-0.0007701575092665669,True,6
7,lambda,4,MLP,-0.030414778937608977,True,6
7,lambda,4,Ridge,-0.0006444211710652459,True,7
7,lambda,4,MLP,-0.03528170413838425,True,7
7,lambda,4,Ridge,-0.0012234644040271191,True,8
7,lambda,4,MLP,-0.03173218939649978,True,8
7,lambda,4,Ridge,-0.0007401973328280854,True,9
7,lambda,4,MLP,-0.031545790362708236,True,9
7,lambda,5,Ridge,0.8062623902833936,False,-1
7,lambda,5,MLP,0.9508662358639193,False,-1
7,lambda,5,Ridge,-0.0012013376458900992,True,0
7,lambda,5,MLP,-0.030781375135803347,True,0
7,lambda,5,Ridge,-0.001095957258240876,True,1
7,lambda,5,MLP,-0.03535069456442517,True,1
7,lambda,5,Ridge,-0.0008958977943318124,True,2
7,lambda,5,MLP,-0.0317599758153186,True,2
7,lambda,5,Ridge,-0.0010810393077658187,True,3
7,lambda,5,MLP,-0.03192951640507795,True,3
7,lambda,5,Ridge,-0.0013740335324824216,True,4
7,lambda,5,MLP,-0.03312115874498169,True,4
7,lambda,5,Ridge,-0.0007789308128974603,True,5
7,lambda,5,MLP,-0.03341954769455922,True,5
7,lambda,5,Ridge,-0.0008761154191313736,True,6
7,lambda,5,MLP,-0.03021369722041589,True,6
7,lambda,5,Ridge,-0.0009116363744711365,True,7
7,lambda,5,MLP,-0.028126695699972303,True,7
7,lambda,5,Ridge,-0.001254466505889651,True,8
7,lambda,5,MLP,-0.029894440761833296,True,8
7,lambda,5,Ridge,-0.000845253218139641,True,9
7,lambda,5,MLP,-0.028999854811897798,True,9
7,rho,0,Ridge,0.8064237441929905,False,-1
7,rho,0,MLP,0.9902535523515652,False,-1
7,rho,0,Ridge,-0.0010967545701739301,True,0
7,rho,0,MLP,-0.04160765176243886,True,0
7,rho,0,Ridge,-0.000928829040288992,True,1
7,rho,0,MLP,-0.04344254057396872,True,1
7,rho,0,Ridge,-0.0012745211649421774,True,2
7,rho,0,MLP,-0.044016641682490934,True,2
7,rho,0,Ridge,-0.0006073679051552316,True,3
7,rho,0,MLP,-0.04336826096157513,True,3
7,rho,0,Ridge,-0.0009416713632774965,True,4
7,rho,0,MLP,-0.04417662228470145,True,4
7,rho,0,Ridge,-0.000980591255498675,True,5
7,rho,0,MLP,-0.04329377088807331,True,5
7,rho,0,Ridge,-0.0009068155405293598,True,6
7,rho,0,MLP,-0.04586482307858715,True,6
7,rho,0,Ridge,-0.0005377055051215774,True,7
7,rho,0,MLP,-0.042820614280866164,True,7
7,rho,0,Ridge,-0.0007306175903724732,True,8
7,rho,0,MLP,-0.042209335507539025,True,8
7,rho,0,Ridge,-0.0009443809446256334,True,9
7,rho,0,MLP,-0.044279131698899035,True,9
7,rho,1,Ridge,0.7892280115405768,False,-1
7,rho,1,MLP,0.978022317438351,False,-1
7,rho,1,Ridge,-0.0009702845357085543,True,0
7,rho,1,MLP,-0.04551334870728278,True,0
7,rho,1,Ridge,-0.0009492083773865456,True,1
7,rho,1,MLP,-0.04550799916395416,True,1
7,rho,1,Ridge,-0.0006311242378153281,True,2
7,rho,1,MLP,-0.04309455171655756,True,2
7,rho,1,Ridge,-0.0009596682743258977,True,3
7,rho,1,MLP,-0.04107257510016793,True,3
7,rho,1,Ridge,-0.0009564916988122008,True,4
7,rho,1,MLP,-0.04449963280842302,True,4
7,rho,1,Ridge,-0.0010683543901049753,True,5
7,rho,1,MLP,-0.049484609890205936,True,5
7,rho,1,Ridge,-0.0007787000556177315,True,6
7,rho,1,MLP,-0.043655404409626807,True,6
7,rho,1,Ridge,-0.0010600074924009828,True,7
7,rho,1,MLP,-0.04234214332438748,True,7
7,rho,1,Ridge,-0.0008496366730929683,True,8
7,rho,1,MLP,-0.04100734519193181,True,8
7,rho,1,Ridge,-0.0009077754689515328,True,9
7,rho,1,MLP,-0.042120469537356174,True,9
7,rho,2,Ridge,0.8182453571138474,False,-1
7,rho,2,MLP,0.9885388066796412,False,-1
7,rho,2,Ridge,-0.0007939364749208089,True,0
7,rho,2,MLP,-0.04441059472547857,True,0
7,rho,2,Ridge,-0.0009466401239214495,True,1
7,rho,2,MLP,-0.04055901089152316,True,1
7,rho,2,Ridge,-0.0009190573530961199,True,2
7,rho,2,MLP,-0.050204539831292735,True,2
7,rho,2,Ridge,-0.0007962814993914602,True,3
7,rho,2,MLP,-0.044650701374436566,True,3
7,rho,2,Ridge,-0.0005269214691392188,True,4
7,rho,2,MLP,-0.0431271469415063,True,4
7,rho,2,Ridge,-0.0004825448733430493,True,5
7,rho,2,MLP,-0.04543089475519761,True,5
7,rho,2,Ridge,-0.0011142065872385754,True,6
7,rho,2,MLP,-0.040968740894854735,True,6
7,rho,2,Ridge,-0.0008587475257751276,True,7
7,rho,2,MLP,-0.04352195689860294,True,7
7,rho,2,Ridge,-0.0010105265444974698,True,8
7,rho,2,MLP,-0.04404228545305888,True,8
7,rho,2,Ridge,-0.0009247411422220076,True,9
7,rho,2,MLP,-0.04253671794583007,True,9
7,rho,3,Ridge,0.7447479736992783,False,-1
7,rho,3,MLP,0.9744132001751324,False,-1
7,rho,3,Ridge,-0.0009035421842374713,True,0
7,rho,3,MLP,-0.04406800055171374,True,0
7,rho,3,Ridge,-0.0009174934487597763,True,1
7,rho,3,MLP,-0.0452869363191557,True,1
7,rho,3,Ridge,-0.0007865785900441624,True,2
7,rho,3,MLP,-0.04251948753204071,True,2
7,rho,3,Ridge,-0.0006239807705079592,True,3
7,rho,3,MLP,-0.04216091668397852,True,3
7,rho,3,Ridge,-0.0008833898360302683,True,4
7,rho,3,MLP,-0.04600822628346339,True,4
7,rho,3,Ridge,-0.0008780551425228821,True,5
7,rho,3,MLP,-0.04095636273602068,True,5
7,rho,3,Ridge,-0.0007745119695889979,True,6
7,rho,3,MLP,-0.04434192655395157,True,6
7,rho,3,Ridge,-0.0007897882903646458,True,7
7,rho,3,MLP,-0.04035870626430258,True,7
7,rho,3,Ridge,-0.0010604080010311102,True,8
7,rho,3,MLP,-0.042474581236769816,True,8
7,rho,3,Ridge,-0.001124431110784485,True,9
7,rho,3,MLP,-0.04227489035576966,True,9
7,rho,4,Ridge,0.8583692440974996,False,-1
7,rho,4,MLP,0.9953748212485622,False,-1
7,rho,4,Ridge,-0.0004834392397283116,True,0
7,rho,4,MLP,-0.045934924395393664,True,0
7,rho,4,Ridge,-0.001115630465539308,True,1
7,rho,4,MLP,-0.04169699122353303,True,1
7,rho,4,Ridge,-0.000982399645664911,True,2
7,rho,4,MLP,-0.044582393162884815,True,2
7,rho,4,Ridge,-0.0011286362178188458,True,3
7,rho,4,MLP,-0.04410700080779599,True,3
7,rho,4,Ridge,-0.000999900024757494,True,4
7,rho,4,MLP,-0.03850405582411098,True,4
7,rho,4,Ridge,-0.0007549289188145458,True,5
7,rho,4,MLP,-0.04002211104358122,True,5
7,rho,4,Ridge,-0.0005486518092486792,True,6
7,rho,4,MLP,-0.041287303929043874,True,6
7,rho,4,Ridge,-0.0007317667381289805,True,7
7,rho,4,MLP,-0.04168411102690497,True,7
7,rho,4,Ridge,-0.0007931762775769347,True,8
7,rho,4,MLP,-0.04519322886189854,True,8
7,rho,4,Ridge,-0.0010256748460954145,True,9
7,rho,4,MLP,-0.04697731041510287,True,9
7,rho,5,Ridge,0.8035449067412361,False,-1
7,rho,5,MLP,0.9790066385596093,False,-1
7,rho,5,Ridge,-0.0012246814673638085,True,0
7,rho,5,MLP,-0.04231681900595876,True,0
7,rho,5,Ridge,-0.0009305851181296898,True,1
7,rho,5,MLP,-0.04369042227564868,True,1
7,rho,5,Ridge,-0.00043833154905001945,True,2
7,rho,5,MLP,-0.0378786709225726,True,2
7,rho,5,Ridge,-0.0008084132156280343,True,3
7,rho,5,MLP,-0.04387178484210663,True,3
7,rho,5,Ridge,-0.0007855594622965701,True,4
7,rho,5,MLP,-0.04396841527916284,True,4
7,rho,5,Ridge,-0.0007849910751936307,True,5
7,rho,5,MLP,-0.040147950729510384,True,5
7,rho,5,Ridge,-0.0008135208990541542,True,6
7,rho,5,MLP,-0.042325757621375845,True,6
7,rho,5,Ridge,-0.0011649787976904858,True,7
7,rho,5,MLP,-0.04237200860009187,True,7
7,rho,5,Ridge,-0.0006811260728533774,True,8
7,rho,5,MLP,-0.043337235798866836,True,8
7,rho,5,Ridge,-0.001216391200077016,True,9
7,rho,5,MLP,-0.044843107119810724,True,9
9,V_t,agg,Ridge,0.9295142028998873,False,-1
9,V_t,agg,MLP,0.9705506295856579,False,-1
9,V_t,agg,Ridge,-0.0004419550687386975,True,0
9,V_t,agg,MLP,-0.011345170986444452,True,0
9,V_t,agg,Ridge,-0.0008264163119453105,True,1
9,V_t,agg,MLP,-0.011882345895076796,True,1
9,V_t,agg,Ridge,-0.0010278136068211374,True,2
9,V_t,agg,MLP,-0.011894275156229294,True,2
9,V_t,agg,Ridge,-0.0007251638159613272,True,3
9,V_t,agg,MLP,-0.012596274655372674,True,3
9,V_t,agg,Ridge,-0.0007405049190413848,True,4
9,V_t,agg,MLP,-0.010182339792902128,True,4
9,V_t,agg,Ridge,-0.0009142610205282953,True,5
9,V_t,agg,MLP,-0.01211907182394385,True,5
9,V_t,agg,Ridge,-0.0008778255064957108,True,6
9,V_t,agg,MLP,-0.012323075822521855,True,6
9,V_t,agg,Ridge,-0.000675349658480906,True,7
9,V_t,agg,MLP,-0.011063374809576665,True,7
9,V_t,agg,Ridge,-0.0005834334650021145,True,8
9,V_t,agg,MLP,-0.010103691146238747,True,8
9,V_t,agg,Ridge,-0.0006779489451239851,True,9
9,V_t,agg,MLP,-0.010650163819686798,True,9
9,mu,0,Ridge,0.4035162682130825,False,-1
9,mu,0,MLP,0.7984280460386293,False,-1
9,mu,0,Ridge,-0.0005456711544314929,True,0
9,mu,0,MLP,-0.014506921435468546,True,0
9,mu,0,Ridge,-0.0005934785765735473,True,1
9,mu,0,MLP,-0.01295068511728461,True,1
9,mu,0,Ridge,-0.0009116954635770558,True,2
9,mu,0,MLP,-0.014251784829470093,True,2
9,mu,0,Ridge,-0.0008033686460527933,True,3
9,mu,0,MLP,-0.012195258570506207,True,3
9,mu,0,Ridge,-0.0004327312170931075,True,4
9,mu,0,MLP,-0.012914787881949153,True,4
9,mu,0,Ridge,-0.0006066171998670544,True,5
9,mu,0,MLP,-0.015068992764737655,True,5
9,mu,0,Ridge,-0.0008190818255280786,True,6
9,mu,0,MLP,-0.013702671508232811,True,6
9,mu,0,Ridge,-0.0009396258314203099,True,7
9,mu,0,MLP,-0.013541596110944498,True,7
9,mu,0,Ridge,-0.001033735042989825,True,8
9,mu,0,MLP,-0.012911345037229882,True,8
9,mu,0,Ridge,-0.0004068573057520286,True,9
9,mu,0,MLP,-0.013917130795785049,True,9
9,mu,1,Ridge,0.5304106121740405,False,-1
9,mu,1,MLP,0.8774059608396693,False,-1
9,mu,1,Ridge,-0.0006729985628351365,True,0
9,mu,1,MLP,-0.012418826260740845,True,0
9,mu,1,Ridge,-0.0012756462887423936,True,1
9,mu,1,MLP,-0.013465336772693348,True,1
9,mu,1,Ridge,-0.0011542110163027975,True,2
9,mu,1,MLP,-0.01359854711558035,True,2
9,mu,1,Ridge,-0.0007337616879929066,True,3
9,mu,1,MLP,-0.011576698164098875,True,3
9,mu,1,Ridge,-0.000734219699408456,True,4
9,mu,1,MLP,-0.01354132915909938,True,4
9,mu,1,Ridge,-0.0009719514642128058,True,5
9,mu,1,MLP,-0.012906766996795094,True,5
9,mu,1,Ridge,-0.0008396042185605079,True,6
9,mu,1,MLP,-0.013643555440271982,True,6
9,mu,1,Ridge,-0.000677623397117233,True,7
9,mu,1,MLP,-0.015465759209382845,True,7
9,mu,1,Ridge,-0.0003345930960254595,True,8
9,mu,1,MLP,-0.014314729971603634,True,8
9,mu,1,Ridge,-0.0005552742756018247,True,9
9,mu,1,MLP,-0.012326225713271733,True,9
9,mu,2,Ridge,0.5247937136559149,False,-1
9,mu,2,MLP,0.875720774351888,False,-1
9,mu,2,Ridge,-0.0009270508927635923,True,0
9,mu,2,MLP,-0.010853425376580938,True,0
9,mu,2,Ridge,-0.000762966371888485,True,1
9,mu,2,MLP,-0.010897981437333648,True,1
9,mu,2,Ridge,-0.0005927195189918022,True,2
9,mu,2,MLP,-0.011581673779761381,True,2
9,mu,2,Ridge,-0.0009354757450349638,True,3
9,mu,2,MLP,-0.01376996979919154,True,3
9,mu,2,Ridge,-0.0007209329827553735,True,4
9,mu,2,MLP,-0.012858129654835172,True,4
9,mu,2,Ridge,-0.0004872097263433295,True,5
9,mu,2,MLP,-0.012219351196182292,True,5
9,mu,2,Ridge,-0.0005615718602985043,True,6
9,mu,2,MLP,-0.010646759625092317,True,6
9,mu,2,Ridge,-0.0010033791778175428,True,7
9,mu,2,MLP,-0.012371249595655076,True,7
9,mu,2,Ridge,-0.0006850946849754624,True,8
9,mu,2,MLP,-0.011477475918049197,True,8
9,mu,2,Ridge,-0.000648075832000572,True,9
9,mu,2,MLP,-0.012133493889287772,True,9
9,mu,3,Ridge,0.43297203550726254,False,-1
9,mu,3,MLP,0.8447058981629704,False,-1
9,mu,3,Ridge,-0.0009444710047506799,True,0
9,mu,3,MLP,-0.012256374535814452,True,0
9,mu,3,Ridge,-0.0008873747247611253,True,1
9,mu,3,MLP,-0.012515803329128295,True,1
9,mu,3,Ridge,-0.0009875408138792618,True,2
9,mu,3,MLP,-0.012011153811130982,True,2
9,mu,3,Ridge,-0.0009580114473231038,True,3
9,mu,3,MLP,-0.012743483333450855,True,3
9,mu,3,Ridge,-0.0006459754222004843,True,4
9,mu,3,MLP,-0.01277527142929662,True,4
9,mu,3,Ridge,-0.0008930059431782489,True,5
9,mu,3,MLP,-0.012343171898686611,True,5
9,mu,3,Ridge,-0.0007775977921664178,True,6
9,mu,3,MLP,-0.013414191774472829,True,6
9,mu,3,Ridge,-0.0008703656868973119,True,7
9,mu,3,MLP,-0.0123198540797957,True,7
9,mu,3,Ridge,-0.0012525193879906916,True,8
9,mu,3,MLP,-0.012549497671531195,True,8
9,mu,3,Ridge,-0.00046380648494119824,True,9
9,mu,3,MLP,-0.014084131799784228,True,9
9,mu,4,Ridge,0.4755907420104447,False,-1
9,mu,4,MLP,0.8536679609247951,False,-1
9,mu,4,Ridge,-0.0012010255746707887,True,0
9,mu,4,MLP,-0.01252416513008341,True,0
9,mu,4,Ridge,-0.0014162832697334426,True,1
9,mu,4,MLP,-0.0161862083640786,True,1
9,mu,4,Ridge,-0.0008387601535966294,True,2
9,mu,4,MLP,-0.013774907600436315,True,2
9,mu,4,Ridge,-0.0010697335676566944,True,3
9,mu,4,MLP,-0.01302725294544409,True,3
9,mu,4,Ridge,-0.0006172760607831007,True,4
9,mu,4,MLP,-0.014143932543662575,True,4
9,mu,4,Ridge,-0.0008843737701290433,True,5
9,mu,4,MLP,-0.012767681519149355,True,5
9,mu,4,Ridge,-0.0007132877448237984,True,6
9,mu,4,MLP,-0.01342698352558851,True,6
9,mu,4,Ridge,-0.0013366529370752555,True,7
9,mu,4,MLP,-0.013674313227242819,True,7
9,mu,4,Ridge,-0.0010363440699884484,True,8
9,mu,4,MLP,-0.01286648677633484,True,8
9,mu,4,Ridge,-0.0012148360567084016,True,9
9,mu,4,MLP,-0.013102836824818942,True,9
9,mu,5,Ridge,0.36787232564386435,False,-1
9,mu,5,MLP,0.8046667355253098,False,-1
9,mu,5,Ridge,-0.0009403204669740983,True,0
9,mu,5,MLP,-0.013222658260913978,True,0
9,mu,5,Ridge,-0.0008058839579369259,True,1
9,mu,5,MLP,-0.012117693720707656,True,1
9,mu,5,Ridge,-0.0008398864256294214,True,2
9,mu,5,MLP,-0.012652828654169923,True,2
9,mu,5,Ridge,-0.001106608465377068,True,3
9,mu,5,MLP,-0.012768029851985708,True,3
9,mu,5,Ridge,-0.0010464280619848943,True,4
9,mu,5,MLP,-0.01252487836936802,True,4
9,mu,5,Ridge,-0.0006607793356977254,True,5
9,mu,5,MLP,-0.013650749786258309,True,5
9,mu,5,Ridge,-0.0004339369239552804,True,6
9,mu,5,MLP,-0.013644908245635889,True,6
9,mu,5,Ridge,-0.0011011883213796648,True,7
9,mu,5,MLP,-0.013179444105144133,True,7
9,mu,5,Ridge,-0.0009865836728164545,True,8
9,mu,5,MLP,-0.012650004736281329,True,8
9,mu,5,Ridge,-0.0011482766096079012,True,9
9,mu,5,MLP,-0.012025949983693529,True,9
9,lambda,0,Ridge,0.7980901041422765,False,-1
9,lambda,0,MLP,0.9116087354992894,False,-1
9,lambda,0,Ridge,-0.0008720852156365755,True,0
9,lambda,0,MLP,-0.048637441487431855,True,0
9,lambda,0,Ridge,-0.0006684684291231591,True,1
9,lambda,0,MLP,-0.03141943565664627,True,1
9,lambda,0,Ridge,-0.0010619898326838407,True,2
9,lambda,0,MLP,-0.09082448530880827,True,2
9,lambda,0,Ridge,-0.0008530626954337261,True,3
9,lambda,0,MLP,-0.052083065644170645,True,3
9,lambda,0,Ridge,-0.0007874252412342298,True,4
9,lambda,0,MLP,-0.05299162513795337,True,4
9,lambda,0,Ridge,-0.0010110554774163116,True,5
9,lambda,0,MLP,-0.0332744709610532,True,5
9,lambda,0,Ridge,-0.0006815117141083515,True,6
9,lambda,0,MLP,-0.03651078914766574,True,6
9,lambda,0,Ridge,-0.0008088111218203409,True,7
9,lambda,0,MLP,-0.041811466440509815,True,7
9,lambda,0,Ridge,-0.0007789213454509447,True,8
9,lambda,0,MLP,-0.07311665095498956,True,8
9,lambda,0,Ridge,-0.0009625971281672641,True,9
9,lambda,0,MLP,-0.041483561423694894,True,9
9,lambda,1,Ridge,0.6805936195624668,False,-1
9,lambda,1,MLP,0.897243277242227,False,-1
9,lambda,1,Ridge,-0.0007835018441280983,True,0
9,lambda,1,MLP,-0.05931864278723813,True,0
9,lambda,1,Ridge,-0.0009379658579808714,True,1
9,lambda,1,MLP,-0.0714175947071963,True,1
9,lambda,1,Ridge,-0.0007488983675920657,True,2
9,lambda,1,MLP,-0.03282845356900856,True,2
9,lambda,1,Ridge,-0.0009547788206637709,True,3
9,lambda,1,MLP,-0.03465254974707168,True,3
9,lambda,1,Ridge,-0.0010795589293766783,True,4
9,lambda,1,MLP,-0.02916952704376934,True,4
9,lambda,1,Ridge,-0.00039161252434187775,True,5
9,lambda,1,MLP,-0.03103710800187538,True,5
9,lambda,1,Ridge,-0.0009923234404273895,True,6
9,lambda,1,MLP,-0.04069189852040944,True,6
9,lambda,1,Ridge,-0.0008719617465342111,True,7
9,lambda,1,MLP,-0.03766428132968715,True,7
9,lambda,1,Ridge,-0.0010881804713382514,True,8
9,lambda,1,MLP,-0.18280667567934478,True,8
9,lambda,1,Ridge,-0.0007757236074188878,True,9
9,lambda,1,MLP,-0.039203520970822046,True,9
9,lambda,2,Ridge,0.7597747810932319,False,-1
9,lambda,2,MLP,0.8928955666493594,False,-1
9,lambda,2,Ridge,-0.0012287770459959546,True,0
9,lambda,2,MLP,-0.04198000705612057,True,0
9,lambda,2,Ridge,-0.0008502351627403648,True,1
9,lambda,2,MLP,-0.03734942144684226,True,1
9,lambda,2,Ridge,-0.0008135039516155018,True,2
9,lambda,2,MLP,-0.05772829533732034,True,2
9,lambda,2,Ridge,-0.0006774942179010868,True,3
9,lambda,2,MLP,-0.04364106711832436,True,3
9,lambda,2,Ridge,-0.0010348544888591604,True,4
9,lambda,2,MLP,-0.03675346009960632,True,4
9,lambda,2,Ridge,-0.0006316319856719766,True,5
9,lambda,2,MLP,-0.048882143865020614,True,5
9,lambda,2,Ridge,-0.0007915977173945432,True,6
9,lambda,2,MLP,-0.04223921531984365,True,6
9,lambda,2,Ridge,-0.0007092415101199289,True,7
9,lambda,2,MLP,-0.03515013658501922,True,7
9,lambda,2,Ridge,-0.0009149924574776147,True,8
9,lambda,2,MLP,-0.046707617447812134,True,8
9,lambda,2,Ridge,-0.00041495850612254247,True,9
9,lambda,2,MLP,-0.06540499101309986,True,9
9,lambda,3,Ridge,0.7136373264684595,False,-1
9,lambda,3,MLP,0.9098759281107096,False,-1
9,lambda,3,Ridge,-0.0006235183386953391,True,0
9,lambda,3,MLP,-0.04781879201042631,True,0
9,lambda,3,Ridge,-0.00063470535718122,True,1
9,lambda,3,MLP,-0.055982798210620556,True,1
9,lambda,3,Ridge,-0.000717828786725816,True,2
9,lambda,3,MLP,-0.0656390158428736,True,2
9,lambda,3,Ridge,-0.0009507643414662592,True,3
9,lambda,3,MLP,-0.05173327840123969,True,3
9,lambda,3,Ridge,-0.0005310838557462727,True,4
9,lambda,3,MLP,-0.06734721118560003,True,4
9,lambda,3,Ridge,-0.0007845343322788523,True,5
9,lambda,3,MLP,-0.0752189443837417,True,5
9,lambda,3,Ridge,-0.0006888107972589542,True,6
9,lambda,3,MLP,-0.04212931877019628,True,6
9,lambda,3,Ridge,-0.000681701322824857,True,7
9,lambda,3,MLP,-0.036483792246413446,True,7
9,lambda,3,Ridge,-0.0008542488070926169,True,8
9,lambda,3,MLP,-0.05991784901675272,True,8
9,lambda,3,Ridge,-0.0008824824264516806,True,9
9,lambda,3,MLP,-0.0745591883398387,True,9
9,lambda,4,Ridge,0.732494269098156,False,-1
9,lambda,4,MLP,0.8928949122650499,False,-1
9,lambda,4,Ridge,-0.0009750498529452756,True,0
9,lambda,4,MLP,-0.03666822405049826,True,0
9,lambda,4,Ridge,-0.0010553533291684848,True,1
9,lambda,4,MLP,-0.1671241846143503,True,1
9,lambda,4,Ridge,-0.0011515287059014501,True,2
9,lambda,4,MLP,-0.04862431488990508,True,2
9,lambda,4,Ridge,-0.0006888513968585031,True,3
9,lambda,4,MLP,-0.06992669667338487,True,3
9,lambda,4,Ridge,-0.0007035252277134863,True,4
9,lambda,4,MLP,-0.03706036227715472,True,4
9,lambda,4,Ridge,-0.0001989959012347331,True,5
9,lambda,4,MLP,-0.04695970114971835,True,5
9,lambda,4,Ridge,-0.0008465444823376967,True,6
9,lambda,4,MLP,-0.06834887124857687,True,6
9,lambda,4,Ridge,-0.0006710351895194311,True,7
9,lambda,4,MLP,-0.04827120865079317,True,7
9,lambda,4,Ridge,-0.0007618000960015525,True,8
9,lambda,4,MLP,-0.07055908483473808,True,8
9,lambda,4,Ridge,-0.0009870978751556959,True,9
9,lambda,4,MLP,-0.03843662821631892,True,9
9,lambda,5,Ridge,0.7164880705040846,False,-1
9,lambda,5,MLP,0.8922489476311959,False,-1
9,lambda,5,Ridge,-0.0009049493433079369,True,0
9,lambda,5,MLP,-0.04982562285924175,True,0
9,lambda,5,Ridge,-0.0009989302252787712,True,1
9,lambda,5,MLP,-0.04766340027406155,True,1
9,lambda,5,Ridge,-0.0008802689332927827,True,2
9,lambda,5,MLP,-0.032582518362693366,True,2
9,lambda,5,Ridge,-0.0009091981476865296,True,3
9,lambda,5,MLP,-0.04017432486430916,True,3
9,lambda,5,Ridge,-0.0007612964544991829,True,4
9,lambda,5,MLP,-0.049384434630853936,True,4
9,lambda,5,Ridge,-0.0010794354203621293,True,5
9,lambda,5,MLP,-0.1701120019456901,True,5
9,lambda,5,Ridge,-0.0010249200373233514,True,6
9,lambda,5,MLP,-0.07915852913139534,True,6
9,lambda,5,Ridge,-0.0010722165022984953,True,7
9,lambda,5,MLP,-0.05197201725783396,True,7
9,lambda,5,Ridge,-0.001069499783839456,True,8
9,lambda,5,MLP,-0.045891022879761545,True,8
9,lambda,5,Ridge,-0.0008409372778712231,True,9
9,lambda,5,MLP,-0.07188307358176349,True,9
9,rho,0,Ridge,0.4992130933786775,False,-1
9,rho,0,MLP,0.9125509191097386,False,-1
9,rho,0,Ridge,-0.0006119035404521745,True,0
9,rho,0,MLP,-0.060531380011407385,True,0
9,rho,0,Ridge,-0.0008227405665459208,True,1
9,rho,0,MLP,-0.0633507150492647,True,1
9,rho,0,Ridge,-0.0008226401697893238,True,2
9,rho,0,MLP,-0.06598506756144511,True,2
9,rho,0,Ridge,-0.0008389504602180243,True,3
9,rho,0,MLP,-0.058066748205197215,True,3
9,rho,0,Ridge,-0.0006931396635167398,True,4
9,rho,0,MLP,-0.06205182536955882,True,4
9,rho,0,Ridge,-0.0008980366643072557,True,5
9,rho,0,MLP,-0.06140555580272942,True,5
9,rho,0,Ridge,-0.0006220633885464455,True,6
9,rho,0,MLP,-0.07334174546824959,True,6
9,rho,0,Ridge,-0.0009044801143543779,True,7
9,rho,0,MLP,-0.05809962762538734,True,7
9,rho,0,Ridge,-0.0008497452063562783,True,8
9,rho,0,MLP,-0.06044772875382587,True,8
9,rho,0,Ridge,-0.0009754964901889541,True,9
9,rho,0,MLP,-0.06708985737239943,True,9
9,rho,1,Ridge,0.7833292430043259,False,-1
9,rho,1,MLP,0.9590472352341166,False,-1
9,rho,1,Ridge,-0.0005554677450168244,True,0
9,rho,1,MLP,-0.06433336163758777,True,0
9,rho,1,Ridge,-0.0012371298330893677,True,1
9,rho,1,MLP,-0.06605599678347387,True,1
9,rho,1,Ridge,-0.0011408854551697711,True,2
9,rho,1,MLP,-0.06862640722349438,True,2
9,rho,1,Ridge,-0.0005960876657046032,True,3
9,rho,1,MLP,-0.06444092920689068,True,3
9,rho,1,Ridge,-0.0009451024743267755,True,4
9,rho,1,MLP,-0.05932139445108127,True,4
9,rho,1,Ridge,-0.0012028397927982936,True,5
9,rho,1,MLP,-0.06891585887706433,True,5
9,rho,1,Ridge,-0.0007693949233825937,True,6
9,rho,1,MLP,-0.06219212830818628,True,6
9,rho,1,Ridge,-0.0010756165875602352,True,7
9,rho,1,MLP,-0.05948294504892142,True,7
9,rho,1,Ridge,-0.0009823174017474568,True,8
9,rho,1,MLP,-0.07184027144603392,True,8
9,rho,1,Ridge,-0.0005958605956666973,True,9
9,rho,1,MLP,-0.0552233344641039,True,9
9,rho,2,Ridge,0.6364937422231961,False,-1
9,rho,2,MLP,0.9578291528574019,False,-1
9,rho,2,Ridge,-0.00048347242797375234,True,0
9,rho,2,MLP,-0.06401016079554211,True,0
9,rho,2,Ridge,-0.0012651154100526973,True,1
9,rho,2,MLP,-0.06226855906313546,True,1
9,rho,2,Ridge,-0.000672666007502043,True,2
9,rho,2,MLP,-0.059617507677569084,True,2
9,rho,2,Ridge,-0.0007648514196001432,True,3
9,rho,2,MLP,-0.059633945859784675,True,3
9,rho,2,Ridge,-0.0008549634548781438,True,4
9,rho,2,MLP,-0.05549576009888857,True,4
9,rho,2,Ridge,-0.0008292222748655486,True,5
9,rho,2,MLP,-0.05753905642317645,True,5
9,rho,2,Ridge,-0.0011131101020321666,True,6
9,rho,2,MLP,-0.0640903652415791,True,6
9,rho,2,Ridge,-0.0007520808432094128,True,7
9,rho,2,MLP,-0.06386863078261902,True,7
9,rho,2,Ridge,-0.0006734535696730104,True,8
9,rho,2,MLP,-0.062826946745245,True,8
9,rho,2,Ridge,-0.0008122582234266984,True,9
9,rho,2,MLP,-0.06142726606618658,True,9
9,rho,3,Ridge,0.7020548033273789,False,-1
9,rho,3,MLP,0.9243447712004157,False,-1
9,rho,3,Ridge,-0.00106935832124897,True,0
9,rho,3,MLP,-0.05822048339646173,True,0
9,rho,3,Ridge,-0.001067436110595521,True,1
9,rho,3,MLP,-0.0670430130839467,True,1
9,rho,3,Ridge,-0.0011520449740521689,True,2
9,rho,3,MLP,-0.07065153051001846,True,2
9,rho,3,Ridge,-0.0010818986784534967,True,3
9,rho,3,MLP,-0.06192825338695944,True,3
9,rho,3,Ridge,-0.0005564140462023914,True,4
9,rho,3,MLP,-0.06439961699947472,True,4
9,rho,3,Ridge,-0.0010647549661630062,True,5
9,rho,3,MLP,-0.06444027512598187,True,5
9,rho,3,Ridge,-0.0007478876142860358,True,6
9,rho,3,MLP,-0.059922882275690134,True,6
9,rho,3,Ridge,-0.0009228119751209629,True,7
9,rho,3,MLP,-0.05951958338691017,True,7
9,rho,3,Ridge,-0.000987888971737938,True,8
9,rho,3,MLP,-0.06229053897181154,True,8
9,rho,3,Ridge,-0.0008314908673281218,True,9
9,rho,3,MLP,-0.06094689228234888,True,9
9,rho,4,Ridge,0.7567770928339665,False,-1
9,rho,4,MLP,0.953968723737788,False,-1
9,rho,4,Ridge,-0.0013560199467613555,True,0
9,rho,4,MLP,-0.06058339970932107,True,0
9,rho,4,Ridge,-0.0009646670458292484,True,1
9,rho,4,MLP,-0.06524369814227442,True,1
9,rho,4,Ridge,-0.0009232437468732702,True,2
9,rho,4,MLP,-0.062321689519508186,True,2
9,rho,4,Ridge,-0.0004963496089272379,True,3
9,rho,4,MLP,-0.06551870188435674,True,3
9,rho,4,Ridge,-0.0006746747938908504,True,4
9,rho,4,MLP,-0.06136074262092679,True,4
9,rho,4,Ridge,-0.0012095409572128624,True,5
9,rho,4,MLP,-0.06925662352320221,True,5
9,rho,4,Ridge,-0.0011304453202633624,True,6
9,rho,4,MLP,-0.06132369691375712,True,6
9,rho,4,Ridge,-0.0007886576562491143,True,7
9,rho,4,MLP,-0.0599517126885087,True,7
9,rho,4,Ridge,-0.0009388671010948979,True,8
9,rho,4,MLP,-0.06674823366326317,True,8
9,rho,4,Ridge,-0.0008571305946583951,True,9
9,rho,4,MLP,-0.05826638798821837,True,9
9,rho,5,Ridge,0.660289480824245,False,-1
9,rho,5,MLP,0.943096103584337,False,-1
9,rho,5,Ridge,-0.0008158472179898624,True,0
9,rho,5,MLP,-0.05969812285007294,True,0
9,rho,5,Ridge,-0.0008248832407590001,True,1
9,rho,5,MLP,-0.0638655050956527,True,1
9,rho,5,Ridge,-0.0005528423702152007,True,2
9,rho,5,MLP,-0.062260734891191175,True,2
9,rho,5,Ridge,-0.0008882030246823991,True,3
9,rho,5,MLP,-0.060052980563814494,True,3
9,rho,5,Ridge,-0.0004743643202726799,True,4
9,rho,5,MLP,-0.06756806244902891,True,4
9,rho,5,Ridge,-0.0008963615640246835,True,5
9,rho,5,MLP,-0.06197431948768144,True,5
9,rho,5,Ridge,-0.0008197103657621163,True,6
9,rho,5,MLP,-0.0611127637944465,True,6
9,rho,5,Ridge,-0.0007194058724193208,True,7
9,rho,5,MLP,-0.06597348691223406,True,7
9,rho,5,Ridge,-0.0008252079122188505,True,8
9,rho,5,MLP,-0.06673731224353947,True,8
9,rho,5,Ridge,-0.0008992787818330683,True,9
9,rho,5,MLP,-0.06290016361291198,True,9
6,V_t,agg,Ridge,0.9214123199091844,False,-1
6,V_t,agg,MLP,0.9675380261853626,False,-1
6,V_t,agg,Ridge,-0.0007810344432789939,True,0
6,V_t,agg,MLP,-0.010372653661807174,True,0
6,V_t,agg,Ridge,-0.0010449526164809432,True,1
6,V_t,agg,MLP,-0.013339694702671424,True,1
6,V_t,agg,Ridge,-0.0011323866099249625,True,2
6,V_t,agg,MLP,-0.011236192135011569,True,2
6,V_t,agg,Ridge,-0.000848493873168854,True,3
6,V_t,agg,MLP,-0.012914803171892909,True,3
6,V_t,agg,Ridge,-0.001116997660468133,True,4
6,V_t,agg,MLP,-0.011347517829059451,True,4
6,V_t,agg,Ridge,-0.0008828744996238313,True,5
6,V_t,agg,MLP,-0.012644840406683322,True,5
6,V_t,agg,Ridge,-0.0010366354772515685,True,6
6,V_t,agg,MLP,-0.012836479265658918,True,6
6,V_t,agg,Ridge,-0.0006253516024566253,True,7
6,V_t,agg,MLP,-0.012838162447938917,True,7
6,V_t,agg,Ridge,-0.000828291703997186,True,8
6,V_t,agg,MLP,-0.011014202554546193,True,8
6,V_t,agg,Ridge,-0.0007135885919071994,True,9
6,V_t,agg,MLP,-0.012091906242133365,True,9
6,mu,0,Ridge,0.43667285825548896,False,-1
6,mu,0,MLP,0.8052943999786388,False,-1
6,mu,0,Ridge,-0.0009819282507818716,True,0
6,mu,0,MLP,-0.012835514628548771,True,0
6,mu,0,Ridge,-0.0009880287674302046,True,1
6,mu,0,MLP,-0.013552580092114307,True,1
6,mu,0,Ridge,-0.0010971962637717158,True,2
6,mu,0,MLP,-0.01336657864264872,True,2
6,mu,0,Ridge,-0.0008862702241092979,True,3
6,mu,0,MLP,-0.011669542295653956,True,3
6,mu,0,Ridge,-0.001265595392481389,True,4
6,mu,0,MLP,-0.013149015729154811,True,4
6,mu,0,Ridge,-0.0009448892399378295,True,5
6,mu,0,MLP,-0.012278278379069186,True,5
6,mu,0,Ridge,-0.001263454714699508,True,6
6,mu,0,MLP,-0.012843344706633087,True,6
6,mu,0,Ridge,-0.0006866312360101379,True,7
6,mu,0,MLP,-0.013465908518621639,True,7
6,mu,0,Ridge,-0.0006843441928601202,True,8
6,mu,0,MLP,-0.013412510390097632,True,8
6,mu,0,Ridge,-0.0009909701823800354,True,9
6,mu,0,MLP,-0.012510494077480994,True,9
6,mu,1,Ridge,0.5119911025629804,False,-1
6,mu,1,MLP,0.8792995224799318,False,-1
6,mu,1,Ridge,-0.0009483201276143216,True,0
6,mu,1,MLP,-0.014590731332998663,True,0
6,mu,1,Ridge,-0.0010705704856472042,True,1
6,mu,1,MLP,-0.013120618671618045,True,1
6,mu,1,Ridge,-0.000782009134541628,True,2
6,mu,1,MLP,-0.01448410064349579,True,2
6,mu,1,Ridge,-0.001283527404860685,True,3
6,mu,1,MLP,-0.013432682904925431,True,3
6,mu,1,Ridge,-0.001251645387002398,True,4
6,mu,1,MLP,-0.0146678761248912,True,4
6,mu,1,Ridge,-0.0006795041288150561,True,5
6,mu,1,MLP,-0.012825641267619448,True,5
6,mu,1,Ridge,-0.0011361991985615384,True,6
6,mu,1,MLP,-0.015763247816051075,True,6
6,mu,1,Ridge,-0.0013159395198679923,True,7
6,mu,1,MLP,-0.013584675054287353,True,7
6,mu,1,Ridge,-0.00046028516595715275,True,8
6,mu,1,MLP,-0.011508477879593127,True,8
6,mu,1,Ridge,-0.000962507933587764,True,9
6,mu,1,MLP,-0.014929107953943133,True,9
6,mu,2,Ridge,0.4242392990583047,False,-1
6,mu,2,MLP,0.8632888964799186,False,-1
6,mu,2,Ridge,-0.0010179875103451196,True,0
6,mu,2,MLP,-0.013923912846127618,True,0
6,mu,2,Ridge,-0.0010541173808718885,True,1
6,mu,2,MLP,-0.015028954910542635,True,1
6,mu,2,Ridge,-0.0009229651500116453,True,2
6,mu,2,MLP,-0.014388929868173594,True,2
6,mu,2,Ridge,-0.0011047383458188341,True,3
6,mu,2,MLP,-0.013825378138744604,True,3
6,mu,2,Ridge,-0.0007161763925337628,True,4
6,mu,2,MLP,-0.01318152156848118,True,4
6,mu,2,Ridge,-0.0011586949955043834,True,5
6,mu,2,MLP,-0.014641519159249272,True,5
6,mu,2,Ridge,-0.0015559386965259049,True,6
6,mu,2,MLP,-0.013605689260321885,True,6
6,mu,2,Ridge,-0.001097266120931284,True,7
6,mu,2,MLP,-0.01360057045405121,True,7
6,mu,2,Ridge,-0.0005743508009385057,True,8
6,mu,2,MLP,-0.013289115529648354,True,8
6,mu,2,Ridge,-0.0011821119426900228,True,9
6,mu,2,MLP,-0.013549069060445396,True,9
6,mu,3,Ridge,0.4704839701511392,False,-1
6,mu,3,MLP,0.8433443048477518,False,-1
6,mu,3,Ridge,-0.0007334457235498082,True,0
6,mu,3,MLP,-0.013635934222894885,True,0
6,mu,3,Ridge,-0.0011696221137331708,True,1
6,mu,3,MLP,-0.012282715900598973,True,1
6,mu,3,Ridge,-0.000822607277208931,True,2
6,mu,3,MLP,-0.013775557862682097,True,2
6,mu,3,Ridge,-0.0009582238628532025,True,3
6,mu,3,MLP,-0.012824748774621808,True,3
6,mu,3,Ridge,-0.0003113719601046894,True,4
6,mu,3,MLP,-0.013026843242369157,True,4
6,mu,3,Ridge,-0.0012732775488407011,True,5
6,mu,3,MLP,-0.011913784206917511,True,5
6,mu,3,Ridge,-0.0011878491173948902,True,6
6,mu,3,MLP,-0.0137554115929166,True,6
6,mu,3,Ridge,-0.000868928900582322,True,7
6,mu,3,MLP,-0.012119873646899305,True,7
6,mu,3,Ridge,-0.0009421025374747982,True,8
6,mu,3,MLP,-0.013754380289346547,True,8
6,mu,3,Ridge,-0.0013423115652618557,True,9
6,mu,3,MLP,-0.015030246332297815,True,9
6,mu,4,Ridge,0.42263202245380443,False,-1
6,mu,4,MLP,0.8314933066202432,False,-1
6,mu,4,Ridge,-0.0010779258338180053,True,0
6,mu,4,MLP,-0.011898846902193805,True,0
6,mu,4,Ridge,-0.0012087869031380816,True,1
6,mu,4,MLP,-0.013359740309337597,True,1
6,mu,4,Ridge,-0.0006040062447834726,True,2
6,mu,4,MLP,-0.011951768323771405,True,2
6,mu,4,Ridge,-0.0009313415530003866,True,3
6,mu,4,MLP,-0.01308092663101772,True,3
6,mu,4,Ridge,-0.0009705888434302868,True,4
6,mu,4,MLP,-0.014104125354775876,True,4
6,mu,4,Ridge,-0.001422752260801552,True,5
6,mu,4,MLP,-0.011643884300544194,True,5
6,mu,4,Ridge,-0.0010781637621581463,True,6
6,mu,4,MLP,-0.014841555292812947,True,6
6,mu,4,Ridge,-0.0014611979647354278,True,7
6,mu,4,MLP,-0.014148548335916411,True,7
6,mu,4,Ridge,-0.0010119769073984042,True,8
6,mu,4,MLP,-0.012583635404095971,True,8
6,mu,4,Ridge,-0.0005398285062124808,True,9
6,mu,4,MLP,-0.014127038734674668,True,9
6,mu,5,Ridge,0.508251926667023,False,-1
6,mu,5,MLP,0.8558126571001887,False,-1
6,mu,5,Ridge,-0.0010231522944751602,True,0
6,mu,5,MLP,-0.011584074550722879,True,0
6,mu,5,Ridge,-0.001168943435954306,True,1
6,mu,5,MLP,-0.013085898418410924,True,1
6,mu,5,Ridge,-0.0012778141455429993,True,2
6,mu,5,MLP,-0.0133772195009346,True,2
6,mu,5,Ridge,-0.000833744389740243,True,3
6,mu,5,MLP,-0.012808266789918577,True,3
6,mu,5,Ridge,-0.0008892363698355332,True,4
6,mu,5,MLP,-0.012733128237029412,True,4
6,mu,5,Ridge,-0.0009452380589393572,True,5
6,mu,5,MLP,-0.01454506392353867,True,5
6,mu,5,Ridge,-0.0006322712519458706,True,6
6,mu,5,MLP,-0.01527669984918525,True,6
6,mu,5,Ridge,-0.0011154813314135925,True,7
6,mu,5,MLP,-0.014699633917009302,True,7
6,mu,5,Ridge,-0.000927561823972578,True,8
6,mu,5,MLP,-0.014155564049713609,True,8
6,mu,5,Ridge,-0.0006751513257946318,True,9
6,mu,5,MLP,-0.012963247778199882,True,9
6,lambda,0,Ridge,0.6886494408156555,False,-1
6,lambda,0,MLP,0.8882458310586243,False,-1
6,lambda,0,Ridge,-0.0004403114905141781,True,0
6,lambda,0,MLP,-0.11619653541429872,True,0
6,lambda,0,Ridge,-0.0013112247358400442,True,1
6,lambda,0,MLP,-0.0598715131664191,True,1
6,lambda,0,Ridge,-0.0011430616709389384,True,2
6,lambda,0,MLP,-0.4876015141828859,True,2
6,lambda,0,Ridge,-0.000982939853328224,True,3
6,lambda,0,MLP,-0.05920872259221608,True,3
6,lambda,0,Ridge,-0.0013003460921922727,True,4
6,lambda,0,MLP,-0.056569564439201955,True,4
6,lambda,0,Ridge,-0.0012159716247014175,True,5
6,lambda,0,MLP,-0.05969649423212373,True,5
6,lambda,0,Ridge,-0.0008707975963488269,True,6
6,lambda,0,MLP,-0.2978673063834132,True,6
6,lambda,0,Ridge,-0.0009109995637856638,True,7
6,lambda,0,MLP,-0.06438602570585221,True,7
6,lambda,0,Ridge,-0.001178365975867912,True,8
6,lambda,0,MLP,-0.35808005136253956,True,8
6,lambda,0,Ridge,-0.0008328319645057424,True,9
6,lambda,0,MLP,-0.07847463106107289,True,9
6,lambda,1,Ridge,0.8090861784013216,False,-1
6,lambda,1,MLP,0.9415597326441345,False,-1
6,lambda,1,Ridge,-0.0004523845453870079,True,0
6,lambda,1,MLP,-0.05949264580202747,True,0
6,lambda,1,Ridge,-0.0010875147136467423,True,1
6,lambda,1,MLP,-0.06002682424940033,True,1
6,lambda,1,Ridge,-0.000774961798441387,True,2
6,lambda,1,MLP,-0.07857391693903022,True,2
6,lambda,1,Ridge,-0.0008194057589424375,True,3
6,lambda,1,MLP,-0.06563559243393965,True,3
6,lambda,1,Ridge,-0.001384208397839881,True,4
6,lambda,1,MLP,-0.11623102369280058,True,4
6,lambda,1,Ridge,-0.0009161808368819635,True,5
6,lambda,1,MLP,-0.05444717274383959,True,5
6,lambda,1,Ridge,-0.0011183855178324986,True,6
6,lambda,1,MLP,-0.5264934406743931,True,6
6,lambda,1,Ridge,-0.0013071631461366805,True,7
6,lambda,1,MLP,-0.07173623909944533,True,7
6,lambda,1,Ridge,-0.0005745717000824157,True,8
6,lambda,1,MLP,-0.17001868107989587,True,8
6,lambda,1,Ridge,-0.0009766278882497926,True,9
6,lambda,1,MLP,-0.07027107984175127,True,9
6,lambda,2,Ridge,0.7708729878756951,False,-1
6,lambda,2,MLP,0.3166859780482226,False,-1
6,lambda,2,Ridge,-0.0007030852997754522,True,0
6,lambda,2,MLP,-0.07187259264505497,True,0
6,lambda,2,Ridge,-0.0007879207854279091,True,1
6,lambda,2,MLP,-0.6160273541126039,True,1
6,lambda,2,Ridge,-0.001415859144356002,True,2
6,lambda,2,MLP,-0.07329554431277874,True,2
6,lambda,2,Ridge,-0.001183990065057028,True,3
6,lambda,2,MLP,-0.05534056291290619,True,3
6,lambda,2,Ridge,-0.001293296322012205,True,4
6,lambda,2,MLP,-0.060957965349554624,True,4
6,lambda,2,Ridge,-0.0009695234031182221,True,5
6,lambda,2,MLP,-0.06536952569484163,True,5
6,lambda,2,Ridge,-0.0009744599850582513,True,6
6,lambda,2,MLP,-0.13248323425665104,True,6
6,lambda,2,Ridge,-0.001479323041132119,True,7
6,lambda,2,MLP,-0.07273508594955036,True,7
6,lambda,2,Ridge,-0.0009688613332628826,True,8
6,lambda,2,MLP,-0.25030224518353156,True,8
6,lambda,2,Ridge,-0.0017398289550560886,True,9
6,lambda,2,MLP,-0.12044927803350838,True,9
6,lambda,3,Ridge,0.7027193073221083,False,-1
6,lambda,3,MLP,0.9119224067104448,False,-1
6,lambda,3,Ridge,-0.0009659985806196314,True,0
6,lambda,3,MLP,-0.06218166577616917,True,0
6,lambda,3,Ridge,-0.0014438406340031129,True,1
6,lambda,3,MLP,-0.08480060621704051,True,1
6,lambda,3,Ridge,-0.0009919953512618873,True,2
6,lambda,3,MLP,-0.26519339575949774,True,2
6,lambda,3,Ridge,-0.0005770457241774495,True,3
6,lambda,3,MLP,-0.2155273920829371,True,3
6,lambda,3,Ridge,-0.0009792132529692354,True,4
6,lambda,3,MLP,-0.07234491750721657,True,4
6,lambda,3,Ridge,-0.0008545301886579093,True,5
6,lambda,3,MLP,-0.06274354264776405,True,5
6,lambda,3,Ridge,-0.0009187448888185567,True,6
6,lambda,3,MLP,-0.17355179010240848,True,6
6,lambda,3,Ridge,-0.000977277590508585,True,7
6,lambda,3,MLP,-0.18131256726003056,True,7
6,lambda,3,Ridge,-0.001446243888873866,True,8
6,lambda,3,MLP,-0.054592918411383806,True,8
6,lambda,3,Ridge,-0.0010512669474519233,True,9
6,lambda,3,MLP,-0.10596883863970374,True,9
6,lambda,4,Ridge,0.7289945827728244,False,-1
6,lambda,4,MLP,0.9171731465052391,False,-1
6,lambda,4,Ridge,-0.0012545665113825155,True,0
6,lambda,4,MLP,-0.0804836126065597,True,0
6,lambda,4,Ridge,-0.0006098009788964909,True,1
6,lambda,4,MLP,-0.11601254703006245,True,1
6,lambda,4,Ridge,-0.001054274985297976,True,2
6,lambda,4,MLP,-0.061039176513032437,True,2
6,lambda,4,Ridge,-0.0008952216153466086,True,3
6,lambda,4,MLP,-0.19932364251736506,True,3
6,lambda,4,Ridge,-0.0010129411830150925,True,4
6,lambda,4,MLP,-0.07073426073796792,True,4
6,lambda,4,Ridge,-0.001215369797466792,True,5
6,lambda,4,MLP,-0.07213057331168034,True,5
6,lambda,4,Ridge,-0.0007725410314728176,True,6
6,lambda,4,MLP,-0.18257493977500924,True,6
6,lambda,4,Ridge,-0.0009817690239270593,True,7
6,lambda,4,MLP,-0.057623636341198915,True,7
6,lambda,4,Ridge,-0.0010394951010336052,True,8
6,lambda,4,MLP,-0.06342721019752093,True,8
6,lambda,4,Ridge,-0.0010544605426506593,True,9
6,lambda,4,MLP,-0.05368888459148304,True,9
6,lambda,5,Ridge,0.7852996896251071,False,-1
6,lambda,5,MLP,0.9222989828042216,False,-1
6,lambda,5,Ridge,-0.0007260925867428547,True,0
6,lambda,5,MLP,-0.08056332974757248,True,0
6,lambda,5,Ridge,-0.0007385883758177503,True,1
6,lambda,5,MLP,-0.1441344165888448,True,1
6,lambda,5,Ridge,-0.0008938838733211884,True,2
6,lambda,5,MLP,-0.057267120945695506,True,2
6,lambda,5,Ridge,-0.0009034089628944475,True,3
6,lambda,5,MLP,-0.0654487061697843,True,3
6,lambda,5,Ridge,-0.001400013190434235,True,4
6,lambda,5,MLP,-0.07294960435147382,True,4
6,lambda,5,Ridge,-0.0005493324859674242,True,5
6,lambda,5,MLP,-0.18526697705063647,True,5
6,lambda,5,Ridge,-0.0008048387072022046,True,6
6,lambda,5,MLP,-0.05429387351242365,True,6
6,lambda,5,Ridge,-0.0005832069808489493,True,7
6,lambda,5,MLP,-0.05612854442078814,True,7
6,lambda,5,Ridge,-0.0007384862193139608,True,8
6,lambda,5,MLP,-0.05215566749336866,True,8
6,lambda,5,Ridge,-0.0011577971649771256,True,9
6,lambda,5,MLP,-0.11084922447669832,True,9
6,rho,0,Ridge,0.7823765102072631,False,-1
6,rho,0,MLP,0.9479795716504285,False,-1
6,rho,0,Ridge,-0.000892469667497453,True,0
6,rho,0,MLP,-0.055714108215038215,True,0
6,rho,0,Ridge,-0.0009433635878260294,True,1
6,rho,0,MLP,-0.05999239873956665,True,1
6,rho,0,Ridge,-0.001245148450135325,True,2
6,rho,0,MLP,-0.08286092362793691,True,2
6,rho,0,Ridge,-0.0009802635111974655,True,3
6,rho,0,MLP,-0.08148624023984082,True,3
6,rho,0,Ridge,-0.0010044226260156996,True,4
6,rho,0,MLP,-0.06393135268887913,True,4
6,rho,0,Ridge,-0.0007370709827765332,True,5
6,rho,0,MLP,-0.07046197062398667,True,5
6,rho,0,Ridge,-0.0010162262606415507,True,6
6,rho,0,MLP,-0.06567249796326693,True,6
6,rho,0,Ridge,-0.0006189268817597959,True,7
6,rho,0,MLP,-0.06474906724948712,True,7
6,rho,0,Ridge,-0.0008047253195390791,True,8
6,rho,0,MLP,-0.05834490101590908,True,8
6,rho,0,Ridge,-0.0009246070347697533,True,9
6,rho,0,MLP,-0.08180968650000611,True,9
6,rho,1,Ridge,0.6860102911967569,False,-1
6,rho,1,MLP,0.9484174792936505,False,-1
6,rho,1,Ridge,-0.0009736648564169226,True,0
6,rho,1,MLP,-0.06309676832143304,True,0
6,rho,1,Ridge,-0.0008354787768024118,True,1
6,rho,1,MLP,-0.06081288505818674,True,1
6,rho,1,Ridge,-0.0007554695677689516,True,2
6,rho,1,MLP,-0.05793100017546835,True,2
6,rho,1,Ridge,-0.0007259845906638418,True,3
6,rho,1,MLP,-0.06259545708627448,True,3
6,rho,1,Ridge,-0.0009317384385286287,True,4
6,rho,1,MLP,-0.06160136486441816,True,4
6,rho,1,Ridge,-0.0004277443645760437,True,5
6,rho,1,MLP,-0.07267108640629796,True,5
6,rho,1,Ridge,-0.00046271914958784244,True,6
6,rho,1,MLP,-0.08857101424225702,True,6
6,rho,1,Ridge,-0.000976797274732033,True,7
6,rho,1,MLP,-0.05787413134596262,True,7
6,rho,1,Ridge,-0.0007072245370991937,True,8
6,rho,1,MLP,-0.06538798517535316,True,8
6,rho,1,Ridge,-0.00087130439074945,True,9
6,rho,1,MLP,-0.06600067741939761,True,9
6,rho,2,Ridge,0.7584570782544903,False,-1
6,rho,2,MLP,0.9668667983122987,False,-1
6,rho,2,Ridge,-0.0006809449194295381,True,0
6,rho,2,MLP,-0.05844469542081323,True,0
6,rho,2,Ridge,-0.0008300553890451479,True,1
6,rho,2,MLP,-0.06329421727185118,True,1
6,rho,2,Ridge,-0.0006687553844895832,True,2
6,rho,2,MLP,-0.06849447945123503,True,2
6,rho,2,Ridge,-0.000773081049428237,True,3
6,rho,2,MLP,-0.06673825151324383,True,3
6,rho,2,Ridge,-0.0011333852934003463,True,4
6,rho,2,MLP,-0.06771037068945444,True,4
6,rho,2,Ridge,-0.0010111103953755584,True,5
6,rho,2,MLP,-0.05809292499465406,True,5
6,rho,2,Ridge,-0.0007140359207767677,True,6
6,rho,2,MLP,-0.05885235565379836,True,6
6,rho,2,Ridge,-0.00030832057121685794,True,7
6,rho,2,MLP,-0.0698259892115837,True,7
6,rho,2,Ridge,-0.001146316055089569,True,8
6,rho,2,MLP,-0.0808240118911284,True,8
6,rho,2,Ridge,-0.0006156829068181269,True,9
6,rho,2,MLP,-0.058886274841448705,True,9
6,rho,3,Ridge,0.52288217068414,False,-1
6,rho,3,MLP,0.9367886168280618,False,-1
6,rho,3,Ridge,-0.0012794845826454182,True,0
6,rho,3,MLP,-0.06717277993102004,True,0
6,rho,3,Ridge,-0.0010715404953688611,True,1
6,rho,3,MLP,-0.060796749891143566,True,1
6,rho,3,Ridge,-0.0008674157841403573,True,2
6,rho,3,MLP,-0.06543938508244365,True,2
6,rho,3,Ridge,-0.0017274120095718715,True,3
6,rho,3,MLP,-0.06670863503303828,True,3
6,rho,3,Ridge,-0.0007677272148726378,True,4
6,rho,3,MLP,-0.05385788516029653,True,4
6,rho,3,Ridge,-0.0009274232498236668,True,5
6,rho,3,MLP,-0.06357527812769433,True,5
6,rho,3,Ridge,-0.0008577187752421,True,6
6,rho,3,MLP,-0.07189488821082515,True,6
6,rho,3,Ridge,-0.0009395511846808757,True,7
6,rho,3,MLP,-0.07138478144665675,True,7
6,rho,3,Ridge,-0.0009026972433426206,True,8
6,rho,3,MLP,-0.061739655998978994,True,8
6,rho,3,Ridge,-0.0010514909084534008,True,9
6,rho,3,MLP,-0.0726095940384642,True,9
6,rho,4,Ridge,0.6482776618142915,False,-1
6,rho,4,MLP,0.9162792674146598,False,-1
6,rho,4,Ridge,-0.0011958705276038373,True,0
6,rho,4,MLP,-0.05856207519379279,True,0
6,rho,4,Ridge,-0.0010657863728351202,True,1
6,rho,4,MLP,-0.07153826072809318,True,1
6,rho,4,Ridge,-0.001317744528258169,True,2
6,rho,4,MLP,-0.0736837338757546,True,2
6,rho,4,Ridge,-0.0007458855477753268,True,3
6,rho,4,MLP,-0.05975757119186862,True,3
6,rho,4,Ridge,-0.0013346310989406085,True,4
6,rho,4,MLP,-0.07364345424050525,True,4
6,rho,4,Ridge,-0.0007774165147861556,True,5
6,rho,4,MLP,-0.058018534642451505,True,5
6,rho,4,Ridge,-0.0011119166090499011,True,6
6,rho,4,MLP,-0.05348313513256771,True,6
6,rho,4,Ridge,-0.0009343378055627127,True,7
6,rho,4,MLP,-0.06681148234408392,True,7
6,rho,4,Ridge,-0.0008986057793731739,True,8
6,rho,4,MLP,-0.0615703171647823,True,8
6,rho,4,Ridge,-0.0011714084772849187,True,9
6,rho,4,MLP,-0.05690485353492103,True,9
6,rho,5,Ridge,0.8403010033237788,False,-1
6,rho,5,MLP,0.9724287717098207,False,-1
6,rho,5,Ridge,-0.00107008402457609,True,0
6,rho,5,MLP,-0.062477794728979366,True,0
6,rho,5,Ridge,-0.0004909115961222454,True,1
6,rho,5,MLP,-0.06287002290837185,True,1
6,rho,5,Ridge,-0.0011048500693505935,True,2
6,rho,5,MLP,-0.06610811998281818,True,2
6,rho,5,Ridge,-0.0011866522035298478,True,3
6,rho,5,MLP,-0.06619416416986863,True,3
6,rho,5,Ridge,-0.001232126589497895,True,4
6,rho,5,MLP,-0.05972535674377766,True,4
6,rho,5,Ridge,-0.001136112950925794,True,5
6,rho,5,MLP,-0.06900768401264061,True,5
6,rho,5,Ridge,-0.0008951802037946432,True,6
6,rho,5,MLP,-0.07491597420842946,True,6
6,rho,5,Ridge,-0.0007746742629995751,True,7
6,rho,5,MLP,-0.05875062034243097,True,7
6,rho,5,Ridge,-0.0009181256640613533,True,8
6,rho,5,MLP,-0.06819327912612447,True,8
6,rho,5,Ridge,-0.0011113154628729304,True,9
6,rho,5,MLP,-0.06413614560559266,True,9
