subject_id,game,trial_number,v_offer,time_ms_sim_mean,accept_sim_mean
101,1.0,1,2.0,4788.91,0.846
101,1.0,4,1.0,5277.72,0.718
101,1.0,5,2.0,4513.163,0.832
101,1.0,6,1.0,5598.74,0.719
101,1.0,7,7.0,2043.285,0.974
101,1.0,8,-5.0,2570.163,0.042
101,2.0,9,-7.0,1893.538,0.026
101,2.0,10,1.0,5314.514,0.715
101,2.0,11,-7.0,1929.771,0.025
101,2.0,13,-15.0,1010.289,0.012
101,2.0,14,-7.0,1989.066,0.031
101,2.0,15,-17.0,1005.461,0.022
101,2.0,16,3.0,3728.013,0.922
101,3.0,17,2.0,4513.322,0.835
101,3.0,19,-2.0,4295.467,0.142
101,3.0,20,2.0,4413.594,0.844
101,3.0,21,8.0,1734.243,0.982
101,3.0,22,4.0,2956.662,0.946
101,3.0,23,2.0,4376.259,0.836
101,3.0,24,4.0,2997.767,0.939
101,4.0,25,1.0,5676.082,0.684
101,4.0,26,-1.0,5132.61,0.314
101,4.0,27,6.0,2257.6,0.953
101,4.0,28,2.0,4541.311,0.84
101,4.0,29,-1.0,5276.306,0.268
101,4.0,30,3.0,3592.345,0.89
101,4.0,31,4.0,3077.004,0.933
101,4.0,32,6.0,2169.485,0.962
101,5.0,33,1.0,5796.245,0.68
101,5.0,34,1.0,5500.591,0.698
101,5.0,35,1.0,5523.457,0.686
101,5.0,36,-1.0,5424.975,0.269
101,6.0,41,1.0,5562.974,0.688
101,6.0,42,3.0,3619.833,0.91
101,6.0,43,-1.0,5241.165,0.26
101,6.0,44,3.0,3704.279,0.905
101,6.0,45,3.0,3592.169,0.907
101,6.0,46,1.0,5516.9,0.7
101,6.0,47,-1.0,5306.851,0.273
101,6.0,48,-1.0,5252.238,0.284
101,7.0,49,-6.0,2152.55,0.035
101,7.0,50,-3.0,3569.249,0.083
101,7.0,51,-3.0,3682.307,0.083
101,7.0,52,-7.0,1950.073,0.017
101,7.0,53,-6.0,2235.966,0.035
101,7.0,54,-2.0,4506.366,0.144
101,7.0,55,-3.0,3567.225,0.086
101,7.0,56,-6.0,2229.117,0.036
103,1.0,1,2.0,4504.924,0.841
103,1.0,2,9.0,1618.983,0.977
103,1.0,3,5.0,2589.825,0.959
103,1.0,4,-2.0,4529.997,0.155
103,1.0,5,-1.0,5540.952,0.274
103,1.0,6,-2.0,4393.296,0.156
103,1.0,7,8.0,1799.512,0.973
103,1.0,8,9.0,1606.178,0.971
103,2.0,9,-2.0,4530.205,0.163
103,2.0,10,-5.0,2425.165,0.05
103,2.0,11,-2.0,4627.349,0.149
103,2.0,12,-2.0,4484.186,0.152
103,2.0,13,3.0,3730.109,0.903
103,2.0,14,0.0,5698.254,0.481
103,2.0,15,0.0,5753.427,0.506
103,2.0,16,0.0,5800.02,0.499
103,3.0,17,4.0,3084.442,0.936
103,3.0,18,5.0,2375.39,0.948
103,3.0,19,5.0,2634.833,0.959
103,3.0,20,11.0,1372.211,0.988
103,3.0,21,-1.0,5447.009,0.28
103,3.0,22,6.0,2289.68,0.971
103,3.0,23,5.0,2609.8,0.945
103,3.0,24,5.0,2582.143,0.956
103,4.0,25,-3.0,3652.036,0.08
103,4.0,26,-1.0,5365.393,0.287
103,4.0,27,1.0,5472.459,0.718
103,4.0,28,1.0,5442.429,0.709
103,4.0,29,1.0,5593.906,0.711
103,4.0,30,-1.0,5179.561,0.268
103,4.0,31,-3.0,3462.442,0.069
103,4.0,32,-3.0,3598.685,0.103
103,5.0,33,-1.0,5641.905,0.263
103,5.0,34,-2.0,4438.919,0.156
103,5.0,35,-4.0,3086.185,0.058
103,5.0,36,-1.0,5391.37,0.286
103,5.0,37,-3.0,3693.284,0.093
103,5.0,38,-2.0,4627.756,0.145
103,6.0,41,-3.0,3744.86,0.101
103,6.0,42,-2.0,4530.492,0.144
103,6.0,43,1.0,5467.834,0.703
103,6.0,44,1.0,5374.763,0.706
103,6.0,45,-2.0,4527.121,0.132
103,6.0,47,2.0,4379.227,0.846
103,6.0,48,-2.0,4429.085,0.161
103,7.0,49,-1.0,5506.666,0.285
103,7.0,50,-7.0,1923.704,0.026
103,7.0,51,4.0,3100.922,0.933
103,7.0,52,-1.0,5402.292,0.261
103,7.0,53,4.0,2947.034,0.945
103,7.0,54,-7.0,1904.682,0.028
103,7.0,55,-2.0,4802.685,0.135
103,7.0,56,-2.0,4527.63,0.157
104,1.0,5,6.0,2240.877,0.961
104,2.0,9,-5.0,2452.304,0.04
104,2.0,10,9.0,1639.481,0.972
104,2.0,12,-8.0,1713.56,0.023
104,2.0,13,-7.0,2033.527,0.029
104,2.0,14,4.0,2989.956,0.922
104,2.0,15,6.0,2221.815,0.97
104,2.0,16,7.0,2065.525,0.972
104,3.0,17,1.0,5759.94,0.712
104,3.0,20,-6.0,2172.726,0.031
104,3.0,21,-6.0,2211.724,0.033
104,3.0,22,2.0,4521.989,0.844
104,4.0,25,5.0,2558.088,0.951
104,4.0,28,1.0,5632.448,0.683
104,5.0,33,-7.0,1928.258,0.019
104,5.0,34,-1.0,5375.66,0.286
104,5.0,35,-8.0,1722.651,0.024
104,5.0,37,-3.0,3586.317,0.087
104,5.0,38,-5.0,2470.455,0.036
104,5.0,39,-4.0,2981.734,0.05
104,6.0,41,9.0,1626.59,0.974
104,6.0,42,9.0,1588.635,0.987
104,6.0,43,3.0,3637.182,0.912
104,6.0,44,1.0,5598.051,0.681
104,6.0,48,9.0,1586.678,0.971
104,7.0,49,10.0,1475.893,0.977
104,7.0,50,3.0,3699.374,0.911
104,7.0,51,16.0,1020.481,0.989
104,7.0,52,9.0,1559.307,0.983
104,7.0,53,9.0,1539.749,0.982
104,7.0,54,9.0,1678.983,0.973
104,7.0,55,10.0,1458.778,0.985
104,7.0,56,10.0,1561.638,0.985
105,1.0,1,8.0,1799.577,0.978
105,1.0,2,3.0,3603.064,0.909
105,1.0,3,12.0,1284.741,0.986
105,1.0,4,-3.0,3614.908,0.09
105,1.0,5,1.0,5390.411,0.675
105,1.0,6,8.0,1801.311,0.977
105,1.0,7,6.0,2242.793,0.967
105,1.0,8,1.0,5401.295,0.686
105,2.0,9,20.0,932.341,0.981
105,2.0,10,6.0,2240.358,0.953
105,2.0,12,15.0,1081.548,0.987
105,2.0,13,6.0,2257.808,0.968
105,2.0,14,6.0,2236.32,0.967
105,2.0,16,11.0,1373.431,0.985
105,3.0,17,4.0,2963.371,0.924
105,3.0,18,3.0,3650.069,0.906
105,3.0,19,0.0,6191.759,0.503
105,3.0,20,-4.0,2967.629,0.059
105,3.0,21,-4.0,2950.362,0.069
105,3.0,22,7.0,1967.518,0.969
105,3.0,23,-1.0,5315.047,0.287
105,3.0,24,7.0,1897.113,0.971
105,4.0,25,17.0,975.953,0.991
105,4.0,26,3.0,3723.89,0.914
105,4.0,27,4.0,3054.313,0.929
105,4.0,28,16.0,1044.477,0.988
105,4.0,30,17.0,958.313,0.983
105,4.0,31,3.0,3633.683,0.904
105,4.0,32,4.0,3079.519,0.946
105,5.0,33,-8.0,1747.152,0.02
105,5.0,34,-4.0,3109.288,0.049
105,5.0,35,12.0,1263.983,0.992
105,5.0,36,-1.0,5256.384,0.28
105,5.0,37,-17.0,1013.915,0.012
105,5.0,38,-17.0,1038.646,0.011
105,5.0,39,3.0,3545.3,0.883
105,5.0,40,12.0,1262.413,0.988
105,6.0,41,-3.0,3489.341,0.092
105,6.0,42,-5.0,2479.672,0.046
105,6.0,43,-8.0,1753.983,0.02
105,6.0,44,-9.0,1585.83,0.015
105,6.0,45,-6.0,2166.464,0.038
105,6.0,46,-11.0,1335.916,0.017
105,6.0,48,-9.0,1593.288,0.02
105,7.0,49,2.0,4446.954,0.831
105,7.0,50,-5.0,2468.468,0.041
105,7.0,51,6.0,2239.898,0.967
105,7.0,52,-1.0,5655.324,0.31
105,7.0,53,1.0,5614.594,0.705
105,7.0,54,0.0,6326.818,0.52
106,1.0,1,5.0,2573.504,0.96
106,1.0,2,8.0,1770.141,0.981
106,2.0,10,13.0,1217.968,0.986
106,2.0,11,-1.0,5291.255,0.283
106,2.0,14,3.0,3663.128,0.905
106,2.0,16,-2.0,4461.792,0.16
106,3.0,17,-5.0,2541.77,0.046
106,3.0,18,-3.0,3630.743,0.094
106,3.0,19,1.0,5369.553,0.716
106,3.0,20,-8.0,1841.101,0.021
106,3.0,21,-9.0,1586.041,0.024
106,3.0,22,-5.0,2539.958,0.043
106,3.0,24,-3.0,3710.325,0.101
106,4.0,25,-9.0,1542.843,0.016
106,4.0,26,-13.0,1191.547,0.017
106,4.0,27,-17.0,986.102,0.011
106,4.0,28,-5.0,2459.129,0.039
106,4.0,29,-17.0,971.368,0.014
106,4.0,30,-5.0,2539.532,0.022
106,4.0,31,-5.0,2568.572,0.028
106,4.0,32,-17.0,977.242,0.016
106,5.0,33,2.0,4500.556,0.839
106,5.0,34,-1.0,5631.511,0.306
106,5.0,35,2.0,4690.487,0.842
106,5.0,36,3.0,3542.639,0.907
106,5.0,37,2.0,4431.349,0.854
106,5.0,38,-2.0,4195.285,0.144
106,5.0,39,-1.0,5457.581,0.296
106,5.0,40,-1.0,5212.755,0.258
106,6.0,41,5.0,2497.539,0.961
106,6.0,42,3.0,3688.528,0.896
106,6.0,43,1.0,5100.529,0.707
106,6.0,44,-1.0,5361.737,0.281
106,6.0,45,5.0,2529.539,0.961
106,6.0,46,-1.0,5493.254,0.305
106,6.0,47,5.0,2693.255,0.958
106,7.0,49,-5.0,2583.746,0.047
106,7.0,51,-1.0,5517.935,0.269
106,7.0,52,-11.0,1425.184,0.017
106,7.0,54,-5.0,2466.01,0.054
106,7.0,55,1.0,5319.363,0.698
106,7.0,56,-9.0,1563.457,0.015
108,1.0,1,-2.0,4612.6,0.136
108,1.0,2,1.0,5388.466,0.678
108,1.0,3,-2.0,4480.229,0.158
108,1.0,4,3.0,3572.291,0.912
108,1.0,5,-2.0,4587.36,0.154
108,1.0,6,1.0,5419.002,0.733
108,1.0,7,1.0,5506.006,0.715
108,1.0,8,-4.0,3103.429,0.055
108,2.0,9,-5.0,2517.643,0.041
108,2.0,10,-13.0,1208.788,0.018
108,2.0,11,1.0,5538.617,0.669
108,2.0,12,-7.0,1910.692,0.029
108,2.0,13,-5.0,2496.088,0.041
108,2.0,14,-5.0,2576.346,0.051
108,2.0,15,-7.0,1916.161,0.028
108,2.0,16,-7.0,2018.866,0.032
108,3.0,17,-4.0,2906.525,0.068
108,3.0,18,2.0,4658.354,0.839
108,3.0,19,-4.0,2965.219,0.062
108,3.0,20,7.0,2017.006,0.976
108,3.0,21,7.0,2015.289,0.972
108,3.0,22,1.0,5627.308,0.676
108,3.0,23,2.0,4621.598,0.83
108,3.0,24,1.0,5313.836,0.702
108,4.0,25,2.0,4632.094,0.837
108,4.0,26,-4.0,2992.244,0.052
108,4.0,27,-1.0,5433.512,0.287
108,4.0,28,-3.0,3539.373,0.094
108,4.0,29,2.0,4321.619,0.824
108,4.0,30,1.0,5350.402,0.716
108,4.0,31,-1.0,5384.457,0.275
108,4.0,32,-4.0,3076.599,0.055
108,5.0,33,2.0,4393.375,0.832
108,5.0,34,-1.0,5220.488,0.286
108,5.0,35,2.0,4509.715,0.843
108,5.0,36,-1.0,5296.454,0.28
108,5.0,37,-1.0,5340.428,0.286
108,5.0,38,-1.0,5424.241,0.283
108,5.0,39,2.0,4435.395,0.829
108,5.0,40,2.0,4454.346,0.836
108,6.0,41,-1.0,5406.157,0.284
108,6.0,42,8.0,1784.602,0.981
108,6.0,43,-3.0,3666.955,0.089
108,6.0,44,4.0,3100.113,0.924
108,6.0,45,1.0,5472.37,0.7
108,6.0,46,4.0,3029.27,0.931
108,6.0,47,6.0,2343.179,0.972
108,6.0,48,1.0,5394.698,0.682
108,7.0,49,-4.0,3080.543,0.058
108,7.0,50,4.0,3013.134,0.925
108,7.0,51,-4.0,3064.36,0.065
108,7.0,52,-2.0,4596.08,0.155
108,7.0,53,1.0,5385.677,0.672
108,7.0,54,2.0,4498.866,0.847
108,7.0,55,4.0,3144.308,0.945
108,7.0,56,-1.0,5437.21,0.304
109,1.0,1,-11.0,1387.655,0.025
109,1.0,2,3.0,3692.678,0.911
109,1.0,3,-7.0,1995.295,0.033
109,1.0,4,-1.0,5530.588,0.264
109,1.0,5,1.0,5578.268,0.712
109,1.0,6,-9.0,1592.034,0.018
109,1.0,7,-9.0,1601.999,0.02
109,1.0,8,1.0,5649.815,0.679
109,2.0,9,-6.0,2204.38,0.037
109,2.0,10,3.0,3705.737,0.894
109,2.0,12,-6.0,2214.791,0.031
109,2.0,13,6.0,2194.232,0.959
109,2.0,14,-13.0,1184.778,0.016
109,2.0,16,13.0,1193.267,0.987
109,3.0,17,7.0,1977.57,0.969
109,3.0,19,-15.0,1121.314,0.008
109,3.0,20,7.0,1978.448,0.974
109,3.0,21,7.0,1990.279,0.978
109,3.0,22,-15.0,1110.457,0.008
109,3.0,23,-8.0,1768.731,0.028
109,3.0,24,0.0,6007.107,0.484
109,4.0,25,-2.0,4308.407,0.13
109,4.0,26,6.0,2197.623,0.968
109,4.0,27,7.0,2059.84,0.974
109,4.0,30,1.0,5644.374,0.698
109,4.0,31,5.0,2571.298,0.951
109,4.0,32,4.0,2972.263,0.923
109,5.0,40,10.0,1485.657,0.979
109,6.0,41,3.0,3725.729,0.897
109,6.0,42,-1.0,5409.333,0.279
109,6.0,43,-1.0,5459.13,0.292
109,7.0,49,-2.0,4690.746,0.163
109,7.0,50,8.0,1733.402,0.974
109,7.0,51,-5.0,2538.847,0.027
109,7.0,53,11.0,1357.031,0.982
109,7.0,54,0.0,5853.806,0.494
109,7.0,55,6.0,2264.002,0.968
109,7.0,56,-2.0,4607.072,0.16
110,1.0,1,-3.0,3645.194,0.072
110,1.0,2,-3.0,3634.501,0.09
110,1.0,3,3.0,3556.596,0.891
110,1.0,4,2.0,4430.168,0.84
110,1.0,5,2.0,4606.769,0.842
110,1.0,6,3.0,3658.257,0.898
110,1.0,8,-4.0,3111.577,0.065
110,2.0,11,-3.0,3645.037,0.081
110,2.0,12,-3.0,3380.927,0.09
110,2.0,13,-4.0,2917.653,0.059
110,2.0,14,1.0,5355.963,0.704
110,2.0,15,-4.0,2846.275,0.064
110,2.0,16,-8.0,1769.346,0.024
110,3.0,17,-19.0,905.173,0.016
110,3.0,18,-14.0,1135.652,0.013
110,3.0,19,-18.0,898.352,0.014
110,3.0,20,-5.0,2466.473,0.054
110,3.0,21,-13.0,1238.673,0.009
110,3.0,22,-14.0,1111.59,0.008
110,3.0,23,-18.0,994.62,0.013
110,3.0,24,-27.0,766.788,0.007
110,4.0,25,2.0,4460.079,0.846
110,4.0,28,-5.0,2500.808,0.037
110,4.0,31,-5.0,2520.395,0.04
110,4.0,32,-5.0,2610.688,0.039
110,5.0,33,-9.0,1605.716,0.022
110,5.0,34,9.0,1660.443,0.979
110,5.0,35,13.0,1205.816,0.983
110,5.0,37,-9.0,1642.172,0.02
110,5.0,38,0.0,5789.049,0.478
110,5.0,39,-13.0,1201.628,0.014
110,6.0,41,1.0,5380.766,0.707
110,6.0,42,5.0,2506.201,0.96
110,6.0,43,9.0,1567.936,0.979
110,6.0,44,5.0,2611.675,0.953
110,6.0,45,5.0,2635.21,0.965
110,6.0,46,5.0,2484.829,0.961
110,6.0,47,4.0,3005.045,0.948
110,6.0,48,6.0,2324.252,0.969
110,7.0,49,14.0,1116.957,0.978
110,7.0,50,5.0,2616.358,0.968
110,7.0,51,7.0,2017.977,0.975
110,7.0,52,14.0,1136.012,0.982
110,7.0,53,-6.0,2143.659,0.034
110,7.0,54,3.0,3680.048,0.906
110,7.0,55,-6.0,2217.694,0.03
110,7.0,56,1.0,5493.777,0.713
111,1.0,1,12.0,1295.149,0.981
111,1.0,3,8.0,1805.304,0.98
111,1.0,4,4.0,3054.744,0.955
111,2.0,9,18.0,937.594,0.979
111,2.0,10,9.0,1665.951,0.978
111,2.0,11,-12.0,1259.048,0.013
111,2.0,12,9.0,1559.962,0.974
111,2.0,13,14.0,1154.755,0.988
111,2.0,15,-3.0,3574.418,0.092
111,2.0,16,-3.0,3698.665,0.071
111,3.0,17,0.0,5730.274,0.477
111,3.0,18,1.0,5302.892,0.71
111,3.0,19,-6.0,2259.107,0.036
111,3.0,20,-6.0,2217.705,0.022
111,3.0,22,-5.0,2480.307,0.035
111,3.0,23,0.0,5820.892,0.508
111,3.0,24,-5.0,2632.596,0.038
111,4.0,25,-9.0,1616.898,0.02
111,4.0,26,0.0,5875.31,0.529
111,4.0,31,3.0,3766.88,0.897
111,5.0,33,8.0,1713.668,0.977
111,5.0,34,2.0,4590.804,0.832
111,5.0,36,2.0,4458.59,0.841
111,5.0,40,2.0,4407.555,0.822
111,6.0,41,2.0,4437.868,0.84
111,6.0,46,1.0,5316.615,0.676
111,6.0,48,4.0,3114.084,0.936
111,7.0,50,4.0,3077.795,0.935
111,7.0,51,-4.0,3035.167,0.056
111,7.0,55,-1.0,5602.767,0.277
113,1.0,2,-4.0,2995.162,0.063
113,1.0,4,-16.0,1063.427,0.023
113,1.0,5,-8.0,1756.889,0.019
113,1.0,6,-8.0,1738.338,0.015
113,1.0,7,-2.0,4398.987,0.136
113,1.0,8,6.0,2241.364,0.96
113,2.0,10,1.0,5337.596,0.697
113,2.0,11,9.0,1605.79,0.981
113,2.0,13,-2.0,4472.616,0.141
113,2.0,14,-7.0,1866.672,0.019
113,2.0,16,6.0,2126.949,0.968
113,3.0,17,1.0,5543.236,0.685
113,3.0,18,1.0,5430.304,0.7
113,3.0,19,1.0,5493.746,0.694
113,3.0,20,7.0,2031.259,0.967
113,3.0,21,2.0,4475.095,0.855
113,3.0,22,-4.0,2943.178,0.057
113,3.0,24,2.0,4274.315,0.849
113,4.0,25,4.0,3009.824,0.939
113,4.0,27,1.0,5335.272,0.685
113,4.0,28,7.0,1974.898,0.963
113,4.0,29,-5.0,2484.302,0.039
113,4.0,30,4.0,3147.314,0.933
113,5.0,33,-2.0,4604.488,0.153
113,5.0,34,1.0,5402.086,0.697
113,5.0,36,-1.0,5508.318,0.271
113,5.0,38,-3.0,3651.128,0.091
113,5.0,39,-3.0,3643.72,0.107
113,6.0,41,0.0,5829.177,0.506
113,6.0,42,-1.0,5389.169,0.278
113,6.0,44,-9.0,1592.742,0.026
113,6.0,45,-9.0,1664.279,0.032
113,6.0,46,-10.0,1485.131,0.014
113,6.0,47,-1.0,5486.396,0.291
113,6.0,48,-10.0,1440.417,0.023
113,7.0,49,-6.0,2224.768,0.022
113,7.0,50,1.0,5725.892,0.71
113,7.0,52,-5.0,2573.388,0.035
113,7.0,53,-6.0,2233.428,0.028
113,7.0,54,3.0,3680.379,0.907
113,7.0,56,2.0,4461.667,0.847
114,1.0,1,1.0,5752.301,0.702
114,1.0,2,-3.0,3584.106,0.095
114,1.0,3,-1.0,5429.628,0.301
114,1.0,4,-1.0,5064.87,0.277
114,1.0,5,3.0,3721.54,0.9
114,1.0,6,1.0,5446.868,0.694
114,1.0,7,1.0,5517.75,0.704
114,1.0,8,-1.0,5389.121,0.292
114,2.0,9,9.0,1586.215,0.979
114,2.0,10,5.0,2582.45,0.965
114,2.0,11,6.0,2266.543,0.974
114,2.0,12,5.0,2522.794,0.959
114,2.0,13,0.0,5714.721,0.497
114,2.0,14,14.0,1120.432,0.981
114,2.0,15,9.0,1687.128,0.979
114,2.0,16,8.0,1744.655,0.974
114,3.0,17,-2.0,4331.138,0.144
114,3.0,18,-7.0,1879.7,0.016
114,3.0,19,1.0,5331.688,0.723
114,3.0,20,6.0,2372.911,0.965
114,3.0,21,1.0,5515.566,0.691
114,3.0,22,-4.0,3075.658,0.061
114,3.0,23,-2.0,4578.032,0.147
114,3.0,24,3.0,3567.214,0.905
114,4.0,25,1.0,5444.383,0.718
114,4.0,26,-2.0,4434.38,0.154
114,4.0,27,-2.0,4534.023,0.167
114,4.0,28,-1.0,5337.584,0.281
114,4.0,29,-2.0,4163.221,0.161
114,4.0,30,-4.0,2993.542,0.06
114,4.0,31,-1.0,5467.609,0.305
114,4.0,32,-1.0,5547.974,0.305
114,5.0,33,1.0,5234.062,0.716
114,5.0,34,-4.0,2976.254,0.076
114,5.0,35,1.0,5416.285,0.699
114,5.0,36,2.0,4649.755,0.826
114,5.0,37,2.0,4394.984,0.837
114,5.0,38,-4.0,3037.797,0.068
114,5.0,39,-3.0,3736.48,0.076
114,5.0,40,-3.0,3745.678,0.086
114,6.0,41,2.0,4569.472,0.854
114,6.0,42,2.0,4301.498,0.848
114,6.0,43,7.0,1955.083,0.965
114,6.0,44,4.0,3056.165,0.937
114,6.0,45,2.0,4400.846,0.822
114,6.0,46,7.0,2024.701,0.976
114,6.0,47,7.0,1999.359,0.968
114,6.0,48,5.0,2589.524,0.96
114,7.0,49,5.0,2499.386,0.952
114,7.0,50,-1.0,5424.367,0.304
114,7.0,51,1.0,5432.877,0.707
114,7.0,52,1.0,5341.805,0.674
114,7.0,53,-5.0,2491.95,0.025
114,7.0,54,1.0,5338.527,0.698
114,7.0,55,-1.0,5430.17,0.286
114,7.0,56,-1.0,5281.468,0.256
115,1.0,1,16.0,1063.092,0.978
115,1.0,2,16.0,1072.241,0.984
115,1.0,3,4.0,2995.335,0.924
115,1.0,4,4.0,3038.43,0.941
115,1.0,5,5.0,2613.438,0.955
115,1.0,6,14.0,1183.564,0.987
115,1.0,7,6.0,2305.003,0.963
115,1.0,8,15.0,1067.744,0.981
115,2.0,9,2.0,4370.52,0.824
115,2.0,10,2.0,4624.843,0.825
115,2.0,11,2.0,4487.287,0.847
115,2.0,12,13.0,1224.672,0.987
115,2.0,13,-9.0,1677.344,0.023
115,2.0,14,2.0,4417.112,0.818
115,2.0,15,2.0,4526.449,0.854
115,2.0,16,2.0,4609.163,0.828
115,3.0,17,3.0,3608.834,0.916
115,3.0,18,9.0,1577.87,0.978
115,3.0,19,9.0,1578.353,0.974
115,3.0,20,3.0,3710.684,0.926
115,3.0,21,-2.0,4624.794,0.162
115,3.0,22,-2.0,4644.32,0.151
115,3.0,23,14.0,1142.702,0.981
115,4.0,25,11.0,1340.854,0.978
115,4.0,26,-4.0,3064.353,0.058
115,4.0,27,5.0,2511.075,0.953
115,4.0,28,2.0,4380.17,0.828
115,4.0,29,-2.0,4444.57,0.176
115,4.0,30,9.0,1564.338,0.977
115,4.0,31,11.0,1410.21,0.988
115,4.0,32,-4.0,3000.313,0.057
115,5.0,33,9.0,1637.448,0.982
115,5.0,34,-1.0,5400.009,0.278
115,5.0,35,-1.0,5334.203,0.294
115,5.0,36,1.0,5556.861,0.694
115,5.0,37,5.0,2553.893,0.955
115,5.0,38,-9.0,1561.484,0.02
115,5.0,39,-5.0,2488.994,0.043
115,5.0,40,1.0,5476.125,0.698
115,6.0,41,1.0,5574.301,0.699
115,6.0,42,-4.0,2937.438,0.047
115,6.0,46,-8.0,1723.757,0.027
115,7.0,49,1.0,5366.309,0.725
115,7.0,50,5.0,2594.509,0.957
115,7.0,51,3.0,3692.222,0.896
115,7.0,52,3.0,3751.032,0.902
115,7.0,53,5.0,2497.115,0.96
115,7.0,54,3.0,3590.473,0.907
115,7.0,55,3.0,3654.526,0.901
115,7.0,56,1.0,5437.121,0.704
116,1.0,1,-3.0,3620.471,0.088
116,1.0,2,-3.0,3691.79,0.093
116,1.0,3,0.0,5475.349,0.487
116,1.0,4,0.0,5828.717,0.501
116,1.0,5,3.0,3633.492,0.906
116,1.0,6,0.0,5832.335,0.506
116,1.0,7,-3.0,3636.655,0.093
116,1.0,8,-6.0,2208.051,0.035
116,2.0,9,4.0,2992.83,0.944
116,2.0,10,-5.0,2557.252,0.04
116,2.0,11,-5.0,2551.321,0.047
116,2.0,12,4.0,3002.304,0.934
116,2.0,13,4.0,2946.846,0.939
116,2.0,14,-5.0,2513.141,0.047
116,2.0,15,4.0,3020.591,0.928
116,2.0,16,-5.0,2475.628,0.033
116,3.0,17,-1.0,5445.687,0.29
116,3.0,18,10.0,1499.777,0.987
116,3.0,19,0.0,5947.114,0.513
116,3.0,20,-1.0,5525.196,0.308
116,3.0,21,-1.0,5331.106,0.305
116,3.0,22,10.0,1475.142,0.978
116,3.0,23,10.0,1564.646,0.979
116,3.0,24,9.0,1584.208,0.977
116,4.0,25,-1.0,5593.853,0.305
116,4.0,26,7.0,1972.481,0.979
116,4.0,27,-3.0,3622.682,0.1
116,4.0,28,7.0,2006.616,0.972
116,4.0,29,3.0,3800.757,0.909
116,4.0,30,3.0,3657.077,0.914
116,4.0,31,9.0,1641.862,0.978
116,4.0,32,-1.0,5314.95,0.276
116,5.0,33,15.0,1111.221,0.985
116,5.0,34,-1.0,5533.964,0.297
116,5.0,35,-7.0,1976.312,0.031
116,5.0,36,-10.0,1459.633,0.015
116,5.0,37,18.0,983.071,0.983
116,5.0,38,15.0,1049.362,0.979
116,5.0,39,9.0,1625.898,0.979
116,5.0,40,-7.0,1929.139,0.029
116,6.0,41,4.0,2975.674,0.936
116,6.0,42,0.0,5889.72,0.481
116,6.0,43,-3.0,3560.089,0.083
116,6.0,44,1.0,5635.935,0.686
116,6.0,45,-4.0,2964.024,0.054
116,6.0,46,0.0,5507.605,0.466
116,6.0,47,5.0,2492.967,0.954
116,6.0,48,1.0,5600.08,0.724
116,7.0,49,-4.0,2962.547,0.062
116,7.0,50,4.0,2905.589,0.959
116,7.0,51,3.0,3744.536,0.897
116,7.0,52,4.0,3007.961,0.943
116,7.0,53,-7.0,1974.628,0.025
116,7.0,54,-8.0,1735.568,0.032
116,7.0,55,0.0,5861.307,0.496
116,7.0,56,-8.0,1771.773,0.022
117,1.0,1,-5.0,2539.778,0.039
117,1.0,2,7.0,1966.195,0.965
117,1.0,5,1.0,5500.515,0.703
117,1.0,6,7.0,1993.593,0.974
117,1.0,8,-1.0,5278.008,0.315
117,2.0,9,-5.0,2507.437,0.033
117,2.0,10,1.0,5461.552,0.715
117,2.0,11,7.0,2033.235,0.966
117,2.0,12,-3.0,3731.845,0.09
117,2.0,13,-5.0,2458.542,0.049
117,2.0,14,5.0,2646.488,0.956
117,2.0,15,1.0,5379.953,0.709
117,2.0,16,7.0,2047.099,0.967
117,3.0,17,5.0,2543.956,0.963
117,3.0,18,2.0,4615.46,0.837
117,3.0,19,2.0,4474.076,0.85
117,3.0,20,10.0,1465.93,0.976
117,3.0,21,-3.0,3681.059,0.097
117,3.0,22,8.0,1786.168,0.976
117,3.0,23,-1.0,5527.456,0.285
117,3.0,24,5.0,2591.58,0.959
117,4.0,25,1.0,5414.573,0.695
117,4.0,26,1.0,5541.544,0.703
117,4.0,27,5.0,2477.936,0.96
117,4.0,28,1.0,5432.115,0.687
117,4.0,29,-3.0,3654.729,0.089
117,4.0,30,5.0,2726.968,0.958
117,4.0,31,-3.0,3673.691,0.08
117,4.0,32,1.0,5226.148,0.7
117,5.0,33,1.0,5653.198,0.727
117,5.0,34,-5.0,2517.595,0.037
117,5.0,35,6.0,2137.487,0.976
117,5.0,36,-1.0,5552.05,0.287
117,5.0,37,2.0,4511.389,0.86
117,5.0,38,-1.0,5373.517,0.273
117,6.0,41,-2.0,4404.797,0.135
117,6.0,42,-3.0,3536.337,0.095
117,6.0,43,-4.0,2971.858,0.063
117,6.0,44,-3.0,3617.006,0.093
117,6.0,45,-3.0,3588.624,0.102
117,6.0,46,-4.0,2979.416,0.057
117,6.0,47,-5.0,2577.358,0.053
117,6.0,48,-4.0,3023.07,0.06
117,7.0,49,1.0,5505.815,0.695
117,7.0,50,3.0,3607.949,0.92
117,7.0,51,5.0,2597.861,0.948
117,7.0,52,1.0,5531.342,0.687
117,7.0,53,5.0,2560.067,0.95
117,7.0,56,5.0,2588.542,0.96
118,1.0,1,-4.0,2958.245,0.067
118,1.0,2,1.0,5510.988,0.701
118,1.0,3,-10.0,1403.033,0.013
118,1.0,4,-10.0,1440.198,0.018
118,1.0,5,-5.0,2666.299,0.053
118,1.0,6,1.0,5298.066,0.714
118,1.0,8,-1.0,5411.477,0.281
118,2.0,9,8.0,1722.777,0.984
118,2.0,10,-5.0,2412.994,0.033
118,2.0,11,-2.0,4329.202,0.162
118,2.0,13,5.0,2699.126,0.95
118,2.0,14,-5.0,2562.895,0.045
118,2.0,15,-5.0,2421.105,0.036
118,2.0,16,8.0,1779.397,0.978
118,3.0,17,1.0,5341.974,0.67
118,3.0,18,6.0,2263.27,0.961
118,3.0,19,6.0,2347.392,0.962
118,3.0,20,3.0,3702.515,0.91
118,3.0,21,-7.0,1873.786,0.025
118,3.0,22,-10.0,1476.089,0.023
118,3.0,23,-5.0,2632.698,0.037
118,4.0,25,9.0,1652.142,0.974
118,4.0,26,3.0,3760.118,0.899
118,4.0,27,5.0,2496.517,0.951
118,4.0,28,4.0,3118.472,0.944
118,4.0,29,4.0,2895.86,0.934
118,4.0,30,3.0,3584.147,0.894
118,4.0,31,-1.0,5312.531,0.292
118,4.0,32,5.0,2578.982,0.973
118,5.0,33,-4.0,3009.314,0.056
118,5.0,34,0.0,5850.366,0.481
118,5.0,35,0.0,5615.258,0.488
118,5.0,38,0.0,5627.424,0.468
118,5.0,39,2.0,4477.974,0.836
118,5.0,40,2.0,4442.074,0.834
118,6.0,41,-1.0,5350.37,0.294
118,6.0,45,-1.0,5379.838,0.294
118,6.0,47,2.0,4638.524,0.823
119,1.0,1,1.0,5600.946,0.693
119,1.0,2,-4.0,2958.457,0.068
119,1.0,3,-4.0,3057.487,0.064
119,1.0,4,1.0,5546.689,0.709
119,1.0,5,1.0,5394.42,0.686
119,1.0,6,1.0,5475.448,0.692
119,1.0,7,-4.0,2946.575,0.064
119,1.0,8,-4.0,2924.808,0.043
119,2.0,9,7.0,1991.76,0.966
119,2.0,10,3.0,3751.897,0.898
119,2.0,11,-3.0,3666.349,0.087
119,2.0,12,13.0,1224.527,0.986
119,2.0,13,8.0,1762.787,0.978
119,2.0,14,3.0,3687.016,0.911
119,2.0,15,2.0,4656.765,0.828
119,2.0,16,7.0,1991.925,0.974
119,3.0,18,4.0,2902.879,0.94
119,3.0,20,0.0,5623.019,0.49
119,3.0,22,1.0,5497.249,0.724
119,3.0,23,-2.0,4355.442,0.143
119,4.0,25,2.0,4538.906,0.844
119,4.0,26,4.0,3028.048,0.932
119,4.0,27,2.0,4358.444,0.841
119,4.0,28,10.0,1516.92,0.989
119,4.0,29,12.0,1333.002,0.984
119,4.0,30,9.0,1618.039,0.984
119,4.0,31,12.0,1302.932,0.981
119,4.0,32,5.0,2603.591,0.953
119,5.0,33,3.0,3774.465,0.92
119,5.0,34,0.0,6252.878,0.504
119,5.0,35,4.0,3038.728,0.94
119,5.0,36,3.0,3710.219,0.891
119,5.0,37,-1.0,5218.596,0.309
119,5.0,38,0.0,6047.629,0.503
119,5.0,39,-1.0,5435.961,0.296
119,5.0,40,4.0,3053.833,0.934
119,6.0,41,3.0,3722.129,0.887
119,6.0,42,4.0,3102.639,0.932
119,6.0,43,-1.0,5313.957,0.309
119,6.0,44,3.0,3818.545,0.906
119,6.0,46,0.0,5918.33,0.476
119,6.0,47,0.0,5850.183,0.504
119,6.0,48,1.0,5477.158,0.686
119,7.0,49,0.0,5835.332,0.513
119,7.0,50,0.0,5852.302,0.497
119,7.0,51,0.0,5703.153,0.52
119,7.0,52,-2.0,4311.38,0.173
119,7.0,53,-2.0,4444.685,0.151
119,7.0,54,-2.0,4512.942,0.136
119,7.0,55,-4.0,2962.83,0.05
119,7.0,56,2.0,4669.815,0.845
120,1.0,1,4.0,3015.624,0.947
120,1.0,2,10.0,1501.068,0.987
120,1.0,3,-8.0,1758.811,0.02
120,1.0,4,4.0,3080.234,0.939
120,1.0,5,-2.0,4586.113,0.183
120,1.0,6,-1.0,5627.957,0.268
120,1.0,8,-2.0,4647.088,0.144
120,2.0,10,-8.0,1705.902,0.017
120,2.0,12,9.0,1595.887,0.981
120,2.0,13,-5.0,2496.681,0.04
120,2.0,14,-1.0,5458.326,0.268
120,2.0,15,-3.0,3557.017,0.092
120,2.0,16,-15.0,1099.002,0.017
120,3.0,17,8.0,1742.182,0.972
120,3.0,18,15.0,1077.625,0.987
120,3.0,19,7.0,1984.467,0.975
120,3.0,20,15.0,1088.478,0.984
120,3.0,21,18.0,956.683,0.981
120,3.0,22,14.0,1164.715,0.98
120,3.0,23,7.0,1987.818,0.973
120,3.0,24,4.0,2830.235,0.947
120,4.0,25,4.0,2998.386,0.938
120,4.0,26,8.0,1762.91,0.981
120,4.0,27,-1.0,5534.057,0.276
120,4.0,28,3.0,3817.549,0.915
120,4.0,29,-9.0,1574.291,0.024
120,4.0,30,16.0,1029.013,0.984
120,4.0,32,4.0,3045.879,0.942
120,5.0,33,5.0,2553.082,0.945
120,5.0,34,2.0,4423.308,0.811
120,5.0,35,-5.0,2585.569,0.042
120,5.0,36,4.0,3125.967,0.941
120,5.0,37,11.0,1404.437,0.98
120,5.0,38,-2.0,4376.263,0.16
120,5.0,39,8.0,1734.858,0.971
120,5.0,40,1.0,5235.749,0.679
120,6.0,41,11.0,1422.283,0.985
120,6.0,42,7.0,2089.156,0.964
120,6.0,43,3.0,3610.777,0.923
120,6.0,44,15.0,1121.027,0.985
120,6.0,45,7.0,2031.705,0.979
120,6.0,46,16.0,1022.988,0.98
120,6.0,47,11.0,1366.415,0.981
120,6.0,48,2.0,4493.116,0.826
120,7.0,49,9.0,1568.034,0.981
120,7.0,50,10.0,1517.724,0.977
120,7.0,51,10.0,1475.909,0.982
120,7.0,52,17.0,1035.876,0.991
120,7.0,54,4.0,3097.977,0.942
120,7.0,56,2.0,4391.024,0.85
122,1.0,1,-12.0,1270.092,0.009
122,1.0,2,0.0,5953.972,0.524
122,1.0,3,-3.0,3742.773,0.088
122,1.0,4,-11.0,1357.973,0.018
122,1.0,5,-3.0,3678.971,0.087
122,1.0,6,1.0,5316.14,0.704
122,1.0,7,-8.0,1786.493,0.021
122,1.0,8,-8.0,1759.577,0.016
122,2.0,9,-1.0,5374.985,0.266
122,2.0,10,2.0,4534.361,0.852
122,2.0,11,-6.0,2083.443,0.039
122,2.0,12,1.0,5671.377,0.686
122,2.0,13,6.0,2264.413,0.955
122,2.0,14,3.0,3741.219,0.914
122,2.0,15,-2.0,4746.581,0.145
122,2.0,16,-3.0,3617.85,0.093
122,3.0,17,11.0,1368.271,0.988
122,3.0,18,5.0,2532.122,0.958
122,3.0,19,2.0,4446.043,0.838
122,3.0,20,2.0,4592.557,0.843
122,3.0,21,6.0,2245.535,0.956
122,3.0,22,3.0,3663.285,0.901
122,3.0,23,6.0,2237.788,0.97
122,3.0,24,-3.0,3552.161,0.081
122,4.0,26,1.0,5573.116,0.698
122,4.0,27,4.0,3084.909,0.929
122,4.0,28,-2.0,4429.445,0.165
122,4.0,29,1.0,5330.754,0.683
122,4.0,30,4.0,3021.717,0.944
122,4.0,31,-2.0,4437.4,0.159
122,4.0,32,2.0,4601.489,0.853
122,5.0,33,-5.0,2498.113,0.042
122,5.0,34,-2.0,4231.845,0.156
122,5.0,35,-5.0,2423.152,0.039
122,5.0,36,-3.0,3481.835,0.089
122,5.0,37,-3.0,3581.471,0.093
122,5.0,38,-2.0,4480.601,0.149
122,5.0,39,-4.0,2943.678,0.054
122,5.0,40,-4.0,2938.081,0.05
122,6.0,41,1.0,5434.018,0.708
122,6.0,42,-5.0,2483.309,0.031
122,6.0,43,2.0,4485.892,0.833
122,6.0,44,2.0,4539.844,0.829
122,6.0,45,2.0,4586.209,0.842
122,6.0,46,1.0,5507.043,0.691
122,6.0,47,1.0,5462.46,0.667
122,6.0,48,8.0,1800.52,0.983
122,7.0,49,6.0,2340.577,0.978
122,7.0,50,5.0,2623.029,0.962
122,7.0,52,4.0,3011.132,0.932
122,7.0,53,3.0,3623.953,0.9
122,7.0,54,4.0,3013.458,0.929
122,7.0,55,5.0,2549.701,0.955
122,7.0,56,4.0,3066.194,0.934
123,1.0,1,-2.0,4375.646,0.151
123,1.0,2,-1.0,5512.403,0.3
123,1.0,3,-1.0,5275.23,0.296
123,1.0,4,-6.0,2191.131,0.031
123,1.0,5,2.0,4457.269,0.826
123,1.0,6,1.0,5469.333,0.709
123,1.0,7,1.0,5537.445,0.706
123,1.0,8,6.0,2274.245,0.971
123,2.0,9,1.0,5734.302,0.689
123,2.0,10,4.0,3056.322,0.948
123,2.0,11,2.0,4669.181,0.845
123,2.0,12,1.0,5616.844,0.715
123,2.0,13,1.0,5486.62,0.7
123,2.0,14,-2.0,4536.178,0.125
123,2.0,15,1.0,5202.487,0.707
123,2.0,16,0.0,5914.505,0.508
123,3.0,17,-15.0,1053.354,0.013
123,3.0,18,-7.0,1893.639,0.026
123,3.0,19,-9.0,1605.663,0.016
123,3.0,20,-3.0,3527.774,0.108
123,3.0,21,-5.0,2509.812,0.036
123,3.0,22,3.0,3631.317,0.888
123,3.0,23,3.0,3695.128,0.898
123,3.0,24,-15.0,1094.753,0.022
123,4.0,25,-3.0,3608.372,0.094
123,4.0,26,8.0,1823.065,0.975
123,4.0,27,1.0,5388.13,0.712
123,4.0,28,-2.0,4555.871,0.161
123,4.0,29,4.0,3044.61,0.95
123,4.0,30,7.0,2026.257,0.979
123,4.0,31,4.0,2907.066,0.948
123,4.0,32,1.0,5359.329,0.719
123,5.0,33,-1.0,5329.046,0.281
123,5.0,34,-1.0,5372.795,0.284
123,5.0,35,4.0,2966.144,0.933
123,5.0,36,-1.0,5401.497,0.269
123,5.0,37,4.0,3135.06,0.916
123,5.0,38,-1.0,5538.291,0.27
123,5.0,39,4.0,3083.314,0.937
123,5.0,40,4.0,3064.292,0.921
123,6.0,41,12.0,1300.897,0.982
123,6.0,42,14.0,1117.363,0.982
123,6.0,43,1.0,5450.572,0.693
123,6.0,44,2.0,4510.2,0.834
123,6.0,45,11.0,1419.749,0.987
123,6.0,46,-1.0,5246.409,0.315
123,6.0,47,2.0,4527.261,0.837
123,6.0,48,11.0,1326.933,0.982
123,7.0,49,-5.0,2452.077,0.039
123,7.0,50,-4.0,3052.478,0.054
123,7.0,51,-6.0,2121.582,0.031
123,7.0,52,-4.0,2950.522,0.061
123,7.0,53,-5.0,2690.692,0.028
123,7.0,54,-3.0,3664.241,0.096
123,7.0,55,-6.0,2179.543,0.036
123,7.0,56,-3.0,3576.039,0.075
124,1.0,1,-4.0,3127.229,0.05
124,1.0,2,-4.0,3048.526,0.053
124,1.0,3,4.0,2975.704,0.924
124,1.0,4,4.0,3131.392,0.939
124,1.0,5,-2.0,4299.136,0.164
124,1.0,6,-3.0,3650.883,0.103
124,1.0,7,3.0,3625.882,0.91
124,1.0,8,2.0,4435.462,0.853
124,2.0,9,8.0,1784.348,0.984
124,2.0,11,1.0,5444.221,0.708
124,2.0,13,8.0,1783.046,0.977
124,2.0,14,3.0,3809.846,0.914
124,2.0,15,3.0,3564.577,0.915
124,3.0,17,-3.0,3701.851,0.095
124,3.0,18,-3.0,3589.59,0.108
124,3.0,19,-2.0,4528.796,0.159
124,3.0,20,7.0,2082.936,0.962
124,3.0,21,6.0,2336.656,0.969
124,3.0,22,7.0,2064.204,0.969
124,3.0,23,-10.0,1438.389,0.021
124,3.0,24,14.0,1118.808,0.978
124,4.0,25,-2.0,4424.754,0.164
124,4.0,26,-15.0,1142.87,0.019
124,4.0,27,3.0,3581.147,0.874
124,4.0,28,16.0,1013.515,0.986
124,4.0,29,3.0,3696.69,0.892
124,4.0,31,-2.0,4612.763,0.148
124,4.0,32,-2.0,4496.038,0.14
124,5.0,33,9.0,1621.159,0.985
124,5.0,34,-1.0,5691.638,0.301
124,5.0,35,-1.0,5447.505,0.294
124,5.0,36,-1.0,5671.591,0.261
124,5.0,37,-9.0,1588.739,0.014
124,5.0,38,1.0,5455.817,0.691
124,5.0,39,1.0,5208.813,0.681
124,6.0,41,-1.0,5665.044,0.308
124,6.0,42,-3.0,3528.792,0.093
124,6.0,43,-2.0,4514.902,0.136
124,6.0,44,-3.0,3647.877,0.088
124,6.0,45,-1.0,5552.79,0.316
124,6.0,46,-1.0,5355.509,0.273
124,6.0,47,-2.0,4256.174,0.162
124,6.0,48,-3.0,3707.175,0.081
124,7.0,49,-4.0,3018.289,0.058
124,7.0,50,-5.0,2539.398,0.041
124,7.0,51,-2.0,4351.182,0.149
124,7.0,52,-1.0,5629.367,0.279
124,7.0,53,-4.0,3031.358,0.068
124,7.0,54,-1.0,5548.075,0.273
124,7.0,55,-5.0,2579.204,0.041
124,7.0,56,-2.0,4264.298,0.146
125,1.0,1,5.0,2701.114,0.949
125,1.0,2,-2.0,4575.431,0.153
125,1.0,3,20.0,872.597,0.987
125,1.0,4,2.0,4456.581,0.826
125,1.0,5,-13.0,1239.977,0.017
125,1.0,6,20.0,936.908,0.984
125,1.0,7,-13.0,1252.631,0.006
125,1.0,8,9.0,1573.488,0.99
125,2.0,9,5.0,2460.169,0.948
125,2.0,10,-1.0,5383.989,0.284
125,2.0,11,-2.0,4632.526,0.143
125,2.0,12,4.0,2983.481,0.935
125,2.0,13,5.0,2584.205,0.95
125,2.0,14,5.0,2597.121,0.947
125,2.0,15,-2.0,4566.563,0.136
125,2.0,16,-2.0,4603.222,0.139
125,3.0,17,-8.0,1809.334,0.032
125,3.0,18,-3.0,3553.887,0.087
125,3.0,19,7.0,2083.552,0.966
125,3.0,20,3.0,3805.455,0.915
125,3.0,21,-4.0,2886.616,0.055
125,3.0,22,18.0,972.885,0.987
125,3.0,23,2.0,4510.597,0.84
125,3.0,24,-19.0,927.994,0.007
125,4.0,25,2.0,4650.778,0.829
125,4.0,26,2.0,4709.553,0.847
125,4.0,27,-6.0,2270.207,0.036
125,4.0,28,2.0,4576.704,0.844
125,4.0,29,10.0,1399.436,0.984
125,4.0,30,-4.0,3006.722,0.051
125,4.0,31,8.0,1700.805,0.983
125,4.0,32,2.0,4882.548,0.823
125,5.0,33,1.0,5540.203,0.673
125,5.0,34,-6.0,2250.713,0.023
125,5.0,35,-4.0,2991.13,0.054
125,5.0,36,-4.0,3041.414,0.069
125,5.0,37,0.0,5852.307,0.499
125,5.0,38,-5.0,2538.945,0.04
125,5.0,39,-1.0,5391.71,0.274
125,5.0,40,-1.0,5299.729,0.259
125,6.0,41,2.0,4309.616,0.82
125,6.0,42,-19.0,936.47,0.01
125,6.0,43,-19.0,912.829,0.012
125,6.0,44,5.0,2562.748,0.951
125,6.0,45,-3.0,3655.709,0.089
125,6.0,46,-14.0,1144.623,0.013
125,6.0,47,-22.0,814.098,0.01
125,6.0,48,2.0,4377.434,0.811
125,7.0,49,-8.0,1736.087,0.024
125,7.0,50,-12.0,1355.181,0.015
125,7.0,51,-20.0,880.511,0.014
125,7.0,52,-2.0,4538.741,0.152
125,7.0,53,-18.0,976.729,0.013
125,7.0,54,-2.0,4381.159,0.151
125,7.0,55,0.0,6047.386,0.477
125,7.0,56,-18.0,916.507,0.014
126,1.0,1,-3.0,3696.177,0.094
126,1.0,2,-9.0,1678.183,0.027
126,1.0,3,-3.0,3639.068,0.079
126,1.0,4,3.0,3688.922,0.898
126,1.0,6,1.0,5293.97,0.714
126,1.0,7,-5.0,2456.751,0.031
126,1.0,8,7.0,1981.006,0.966
126,2.0,9,2.0,4487.687,0.827
126,2.0,10,-6.0,2169.71,0.029
126,2.0,11,-5.0,2462.412,0.033
126,2.0,12,-5.0,2508.925,0.034
126,2.0,13,-2.0,4535.276,0.154
126,2.0,14,-2.0,4513.013,0.16
126,2.0,15,1.0,5294.156,0.72
126,2.0,16,1.0,5441.676,0.687
126,3.0,17,1.0,5193.972,0.692
126,3.0,18,-9.0,1611.923,0.024
126,3.0,19,-2.0,4462.05,0.157
126,3.0,20,-2.0,4525.197,0.161
126,3.0,21,-12.0,1290.943,0.017
126,3.0,22,-9.0,1574.39,0.018
126,3.0,23,-9.0,1574.39,0.023
126,3.0,24,-2.0,4482.468,0.141
126,4.0,25,-8.0,1681.768,0.025
126,4.0,26,8.0,1774.475,0.986
126,4.0,27,5.0,2564.776,0.953
126,4.0,28,13.0,1192.747,0.978
126,4.0,29,0.0,5964.791,0.506
126,4.0,30,-8.0,1907.77,0.021
126,4.0,31,-3.0,3682.385,0.089
126,4.0,32,13.0,1210.542,0.979
126,5.0,33,1.0,5656.258,0.689
126,5.0,34,-1.0,5335.729,0.255
126,5.0,35,3.0,3588.413,0.91
126,5.0,36,1.0,5325.695,0.679
126,5.0,37,1.0,5441.76,0.727
126,5.0,38,1.0,5224.417,0.657
126,5.0,39,1.0,5430.63,0.68
126,5.0,40,1.0,5324.194,0.678
126,6.0,41,-2.0,4658.22,0.164
126,6.0,42,2.0,4442.994,0.82
126,6.0,43,1.0,5385.015,0.717
126,6.0,44,4.0,3099.555,0.941
126,6.0,45,1.0,5479.246,0.699
126,6.0,46,0.0,5888.042,0.51
126,6.0,47,1.0,5404.529,0.731
126,6.0,48,1.0,5488.122,0.701
126,7.0,49,-2.0,4601.426,0.149
126,7.0,50,-4.0,3015.493,0.059
126,7.0,52,-1.0,5252.432,0.29
126,7.0,53,-1.0,5661.049,0.304
126,7.0,54,-2.0,4460.894,0.15
126,7.0,55,-4.0,2938.222,0.062
126,7.0,56,1.0,5297.383,0.688
127,1.0,1,-2.0,4477.523,0.156
127,1.0,6,2.0,4570.211,0.833
127,1.0,7,-4.0,2948.822,0.058
127,1.0,8,1.0,5348.008,0.699
127,2.0,10,4.0,2983.926,0.944
127,2.0,11,9.0,1597.841,0.982
127,2.0,12,0.0,5699.555,0.485
127,2.0,13,-2.0,4521.126,0.152
127,2.0,14,-2.0,4442.397,0.134
127,2.0,15,4.0,2861.885,0.937
127,3.0,18,-4.0,3023.215,0.056
127,3.0,19,-12.0,1273.483,0.009
127,3.0,20,-12.0,1337.24,0.013
127,3.0,21,-3.0,3514.087,0.085
127,3.0,22,-4.0,2965.789,0.065
127,3.0,23,-13.0,1190.833,0.019
127,4.0,25,4.0,3053.403,0.926
127,4.0,27,-6.0,2179.353,0.034
127,4.0,29,9.0,1569.875,0.981
127,4.0,30,-11.0,1378.31,0.011
127,4.0,31,0.0,5771.474,0.471
127,4.0,32,-2.0,4325.575,0.153
127,5.0,34,7.0,1965.646,0.972
127,5.0,35,-11.0,1395.732,0.022
127,5.0,37,-1.0,5304.18,0.266
127,5.0,38,6.0,2246.374,0.966
127,6.0,41,5.0,2620.294,0.959
127,6.0,42,2.0,4592.267,0.842
127,6.0,43,-1.0,5124.815,0.292
127,6.0,44,5.0,2535.764,0.952
127,6.0,45,2.0,4480.214,0.844
127,6.0,47,2.0,4529.625,0.811
127,7.0,49,6.0,2335.373,0.965
127,7.0,50,4.0,2831.521,0.94
127,7.0,51,9.0,1603.579,0.983
127,7.0,52,5.0,2605.91,0.96
127,7.0,53,1.0,5639.434,0.7
127,7.0,54,5.0,2696.926,0.956
127,7.0,55,1.0,5344.577,0.712
127,7.0,56,9.0,1612.837,0.977
128,1.0,1,-5.0,2560.495,0.032
128,1.0,2,-5.0,2547.073,0.036
128,1.0,3,2.0,4360.576,0.83
128,1.0,4,2.0,4499.758,0.851
128,1.0,5,2.0,4547.332,0.841
128,1.0,6,-2.0,4593.437,0.16
128,1.0,7,-1.0,5379.912,0.269
128,2.0,9,6.0,2204.871,0.964
128,2.0,11,14.0,1152.981,0.985
128,2.0,12,-1.0,5421.481,0.293
128,2.0,16,4.0,3174.595,0.938
128,3.0,17,-1.0,5829.869,0.293
128,3.0,18,1.0,5628.261,0.705
128,3.0,19,1.0,5377.065,0.69
128,3.0,20,1.0,5432.776,0.684
128,3.0,21,-1.0,5732.835,0.273
128,3.0,22,1.0,5725.818,0.727
128,3.0,24,-1.0,5321.024,0.287
128,4.0,25,1.0,5450.116,0.704
128,4.0,26,-3.0,3496.236,0.1
128,4.0,27,-4.0,3056.494,0.045
128,4.0,28,1.0,5539.852,0.698
128,4.0,29,-3.0,3690.204,0.094
128,4.0,32,2.0,4583.249,0.844
128,5.0,33,2.0,4598.752,0.83
128,5.0,34,2.0,4758.762,0.848
128,5.0,35,-4.0,3015.525,0.052
128,5.0,37,-1.0,5401.321,0.295
128,5.0,38,-3.0,3501.666,0.091
128,5.0,39,1.0,5656.323,0.714
128,6.0,41,-1.0,5461.893,0.304
128,6.0,42,-3.0,3559.222,0.112
128,6.0,43,1.0,5367.129,0.688
128,6.0,44,-1.0,5386.317,0.281
128,6.0,45,-1.0,5456.572,0.305
128,6.0,46,-1.0,5393.877,0.289
128,6.0,47,-1.0,5428.152,0.291
128,6.0,48,-1.0,5508.817,0.298
128,7.0,49,4.0,2951.406,0.937
128,7.0,50,10.0,1476.563,0.983
128,7.0,51,8.0,1775.349,0.98
128,7.0,52,0.0,5671.494,0.504
128,7.0,53,4.0,2905.279,0.927
128,7.0,54,4.0,2968.149,0.948
128,7.0,55,-2.0,4485.86,0.158
128,7.0,56,4.0,3158.457,0.933
129,1.0,1,-6.0,2206.886,0.025
129,1.0,2,-2.0,4523.204,0.149
129,1.0,3,-5.0,2510.976,0.042
129,1.0,4,-1.0,5415.266,0.287
129,1.0,5,-5.0,2585.345,0.042
129,1.0,7,-2.0,4353.339,0.153
129,2.0,9,7.0,2074.95,0.983
129,2.0,10,1.0,5538.108,0.709
129,2.0,11,4.0,3044.498,0.944
129,2.0,12,5.0,2635.579,0.954
129,2.0,13,11.0,1417.666,0.986
129,2.0,14,5.0,2564.047,0.952
129,3.0,18,2.0,4641.473,0.838
129,3.0,20,6.0,2216.686,0.961
129,3.0,21,-2.0,4334.55,0.143
129,3.0,22,-4.0,3181.755,0.061
129,3.0,24,-12.0,1250.207,0.015
129,4.0,25,-4.0,3029.417,0.058
129,4.0,26,-6.0,2170.236,0.024
129,4.0,27,-14.0,1139.865,0.014
129,4.0,28,-9.0,1552.098,0.017
129,4.0,31,-12.0,1311.926,0.013
129,4.0,32,-4.0,3026.112,0.062
129,5.0,33,10.0,1454.359,0.987
129,5.0,34,-3.0,3683.065,0.089
129,5.0,35,5.0,2484.966,0.974
129,5.0,38,5.0,2605.153,0.95
129,5.0,39,9.0,1664.134,0.98
129,5.0,40,-4.0,3043.327,0.057
129,6.0,41,0.0,5896.849,0.505
129,6.0,42,1.0,5471.123,0.694
129,6.0,43,2.0,4233.064,0.845
129,6.0,44,1.0,5383.253,0.702
129,6.0,45,-1.0,5330.778,0.298
129,6.0,47,1.0,5320.646,0.705
129,7.0,49,-7.0,1935.961,0.018
129,7.0,50,2.0,4541.665,0.842
129,7.0,51,-8.0,1683.098,0.027
129,7.0,52,-4.0,3072.519,0.065
129,7.0,54,-5.0,2619.462,0.046
132,1.0,1,4.0,3000.279,0.94
132,1.0,6,-4.0,2985.64,0.056
132,1.0,7,-7.0,1935.021,0.028
132,1.0,8,-7.0,1959.124,0.03
132,2.0,9,2.0,4590.498,0.836
132,2.0,10,6.0,2231.635,0.964
132,2.0,11,-4.0,2971.417,0.047
132,2.0,12,0.0,5613.141,0.499
132,2.0,13,6.0,2263.856,0.955
132,2.0,14,2.0,4414.214,0.847
132,2.0,15,0.0,6149.286,0.507
132,2.0,16,-4.0,2971.695,0.053
132,3.0,17,-2.0,4586.18,0.154
132,3.0,18,-3.0,3511.604,0.083
132,3.0,19,-9.0,1626.516,0.029
132,3.0,20,-8.0,1731.176,0.026
132,3.0,21,-3.0,3586.155,0.099
132,3.0,22,4.0,3005.013,0.94
132,3.0,23,-8.0,1716.107,0.026
132,3.0,24,-15.0,1037.367,0.011
132,4.0,25,11.0,1321.088,0.984
132,4.0,26,2.0,4359.421,0.823
132,4.0,27,4.0,2919.159,0.944
132,4.0,28,-5.0,2494.263,0.043
132,4.0,29,2.0,4499.235,0.833
132,4.0,30,4.0,3061.099,0.951
132,4.0,31,2.0,4542.849,0.829
132,4.0,32,4.0,3075.067,0.94
132,5.0,33,3.0,3741.025,0.906
132,5.0,34,3.0,3584.493,0.912
132,5.0,35,6.0,2248.161,0.96
132,5.0,36,3.0,3581.129,0.917
132,5.0,37,3.0,3629.313,0.899
132,5.0,38,3.0,3762.996,0.927
132,5.0,39,3.0,3582.976,0.909
132,5.0,40,0.0,5891.353,0.489
132,6.0,41,-4.0,2994.655,0.052
132,6.0,42,-2.0,4446.747,0.146
132,6.0,43,-2.0,4306.746,0.171
132,6.0,44,-2.0,4640.789,0.14
132,6.0,45,-5.0,2421.667,0.035
132,6.0,46,-3.0,3705.267,0.084
132,6.0,47,-5.0,2454.357,0.03
132,6.0,48,-5.0,2447.476,0.038
132,7.0,49,3.0,3626.729,0.911
132,7.0,50,-4.0,3010.567,0.056
132,7.0,51,-5.0,2513.112,0.041
132,7.0,52,-1.0,5263.666,0.309
132,7.0,53,-2.0,4695.801,0.172
132,7.0,54,7.0,1949.327,0.974
132,7.0,55,4.0,3114.813,0.952
132,7.0,56,6.0,2188.609,0.975
133,1.0,1,-1.0,5358.354,0.304
133,1.0,2,6.0,2245.643,0.957
133,1.0,3,2.0,4446.661,0.838
133,1.0,4,3.0,3593.605,0.911
133,1.0,5,6.0,2226.812,0.967
133,1.0,6,2.0,4572.384,0.834
133,1.0,7,3.0,3812.277,0.907
133,1.0,8,-1.0,5451.592,0.273
133,2.0,9,5.0,2595.98,0.957
133,2.0,10,0.0,5657.881,0.497
133,2.0,11,-3.0,3724.447,0.089
133,2.0,12,6.0,2327.087,0.957
133,2.0,13,8.0,1741.11,0.97
133,2.0,14,-1.0,5409.897,0.27
133,2.0,15,5.0,2516.817,0.954
133,2.0,16,0.0,5659.249,0.486
133,3.0,17,-11.0,1388.082,0.021
133,3.0,18,-6.0,2190.108,0.025
133,3.0,19,-3.0,3531.166,0.083
133,3.0,20,-11.0,1359.033,0.014
133,3.0,21,3.0,3672.681,0.892
133,3.0,22,11.0,1330.493,0.98
133,3.0,23,11.0,1347.504,0.979
133,3.0,24,6.0,2268.393,0.954
133,4.0,25,3.0,3567.66,0.902
133,4.0,26,6.0,2221.633,0.966
133,4.0,27,6.0,2312.132,0.97
133,4.0,28,-5.0,2558.537,0.038
133,4.0,29,-8.0,1736.627,0.021
133,4.0,30,-8.0,1733.426,0.021
133,4.0,31,3.0,3739.057,0.919
133,5.0,33,-1.0,5506.746,0.263
133,5.0,34,7.0,1981.79,0.967
133,5.0,35,7.0,2003.823,0.967
133,5.0,36,7.0,1908.859,0.98
133,5.0,37,10.0,1497.812,0.984
133,5.0,38,2.0,4426.27,0.842
133,5.0,39,2.0,4430.851,0.841
133,6.0,41,1.0,5160.603,0.686
133,6.0,42,7.0,1924.378,0.96
133,6.0,43,0.0,5700.179,0.496
133,6.0,44,-9.0,1609.647,0.024
133,6.0,45,-2.0,4588.05,0.131
133,6.0,46,-3.0,3845.298,0.079
133,6.0,47,1.0,5535.239,0.704
133,7.0,49,-3.0,3913.491,0.084
133,7.0,50,-1.0,5460.569,0.31
133,7.0,51,-5.0,2414.89,0.046
133,7.0,52,0.0,5638.791,0.468
133,7.0,53,-8.0,1768.627,0.024
133,7.0,54,-1.0,5396.442,0.296
133,7.0,55,-7.0,1990.586,0.023
133,7.0,56,-7.0,1985.622,0.023
134,1.0,1,-6.0,2165.954,0.033
134,1.0,2,5.0,2628.593,0.964
134,1.0,3,2.0,4580.878,0.841
134,1.0,4,2.0,4544.154,0.843
134,1.0,5,0.0,5519.953,0.484
134,1.0,6,-1.0,5187.874,0.299
134,1.0,7,-3.0,3477.785,0.085
134,1.0,8,-3.0,3738.018,0.091
134,2.0,9,5.0,2512.458,0.958
134,2.0,10,9.0,1630.739,0.976
134,2.0,11,7.0,2126.507,0.981
134,2.0,12,1.0,5529.91,0.694
134,2.0,13,-1.0,5549.422,0.296
134,2.0,14,13.0,1244.43,0.972
134,2.0,15,11.0,1403.962,0.98
134,3.0,17,-2.0,4473.717,0.145
134,3.0,18,-9.0,1609.682,0.02
134,3.0,19,-6.0,2260.882,0.033
134,3.0,20,-10.0,1479.622,0.012
134,3.0,21,-6.0,2239.298,0.028
134,3.0,22,-1.0,5413.808,0.299
134,3.0,23,-5.0,2603.829,0.041
134,3.0,24,-5.0,2541.372,0.044
134,4.0,25,1.0,5474.8,0.688
134,4.0,26,-8.0,1744.277,0.023
134,4.0,27,-8.0,1725.737,0.023
134,4.0,28,-6.0,2138.315,0.03
134,4.0,29,-10.0,1503.731,0.015
134,4.0,30,-1.0,5331.436,0.284
134,4.0,31,-3.0,3697.187,0.084
134,4.0,32,-1.0,5514.278,0.287
134,5.0,33,-1.0,5225.378,0.316
134,5.0,34,1.0,5417.385,0.662
134,5.0,35,1.0,5326.321,0.713
134,5.0,36,-1.0,5469.526,0.284
134,5.0,37,-1.0,5469.836,0.269
134,5.0,38,1.0,5364.598,0.707
134,5.0,39,-1.0,5275.764,0.258
134,5.0,40,1.0,5768.747,0.704
134,6.0,41,8.0,1802.081,0.979
134,6.0,42,3.0,3756.949,0.914
134,6.0,43,1.0,5501.19,0.711
134,6.0,44,6.0,2269.946,0.971
134,6.0,45,6.0,2181.21,0.972
134,6.0,46,9.0,1619.37,0.985
134,6.0,47,0.0,5812.452,0.506
134,6.0,48,3.0,3765.192,0.896
134,7.0,49,1.0,5473.329,0.683
134,7.0,50,12.0,1330.182,0.983
134,7.0,51,13.0,1171.146,0.979
134,7.0,52,-8.0,1700.706,0.02
134,7.0,53,3.0,3746.936,0.919
134,7.0,54,2.0,4524.877,0.813
134,7.0,55,-9.0,1556.998,0.032
134,7.0,56,2.0,4442.348,0.84
135,1.0,1,-1.0,5106.366,0.29
135,1.0,2,7.0,2031.264,0.972
135,1.0,3,4.0,3109.848,0.94
135,1.0,4,10.0,1549.275,0.979
135,1.0,5,13.0,1221.185,0.982
135,1.0,6,18.0,934.841,0.986
135,1.0,8,16.0,1019.17,0.986
135,2.0,9,2.0,4602.229,0.853
135,2.0,10,2.0,4395.894,0.838
135,2.0,11,8.0,1791.721,0.974
135,2.0,12,0.0,5927.8,0.51
135,2.0,13,5.0,2479.726,0.949
135,2.0,14,-3.0,3612.61,0.095
135,2.0,15,3.0,3852.801,0.907
135,2.0,16,3.0,3712.2,0.901
135,3.0,17,5.0,2547.709,0.963
135,3.0,18,10.0,1451.534,0.979
135,3.0,19,15.0,1075.625,0.989
135,3.0,20,5.0,2513.776,0.946
135,3.0,21,-1.0,5322.186,0.297
135,3.0,22,4.0,3186.204,0.938
135,3.0,23,9.0,1648.704,0.977
135,3.0,24,9.0,1630.424,0.987
135,4.0,25,4.0,3018.798,0.939
135,4.0,26,-4.0,2990.634,0.041
135,4.0,27,8.0,1731.992,0.978
135,4.0,28,21.0,881.436,0.989
135,4.0,29,8.0,1746.265,0.973
135,4.0,30,9.0,1593.153,0.987
135,4.0,31,13.0,1195.56,0.988
135,4.0,32,9.0,1660.776,0.988
135,5.0,33,-2.0,4518.255,0.149
135,5.0,34,3.0,3729.917,0.895
135,5.0,35,-3.0,3565.701,0.095
135,5.0,36,-13.0,1193.673,0.015
135,5.0,37,-14.0,1139.819,0.015
135,5.0,38,-19.0,916.915,0.016
135,5.0,39,-9.0,1582.579,0.026
135,6.0,41,-4.0,3029.514,0.063
135,6.0,42,-11.0,1344.429,0.018
135,6.0,43,-11.0,1337.63,0.014
135,6.0,44,-11.0,1384.399,0.015
135,6.0,46,-4.0,3018.4,0.054
135,6.0,47,-4.0,2992.794,0.073
135,6.0,48,-11.0,1353.923,0.024
135,7.0,49,4.0,3040.329,0.939
135,7.0,50,5.0,2716.51,0.963
135,7.0,51,4.0,3130.215,0.943
135,7.0,52,-2.0,4652.8,0.138
135,7.0,53,14.0,1150.85,0.986
135,7.0,54,7.0,2037.889,0.968
135,7.0,55,8.0,1739.755,0.973
135,7.0,56,8.0,1777.986,0.982
136,1.0,1,4.0,3086.736,0.955
136,1.0,2,-8.0,1702.141,0.017
136,1.0,3,-3.0,3553.161,0.081
136,1.0,4,9.0,1578.597,0.986
136,1.0,5,2.0,4543.542,0.837
136,1.0,6,-1.0,5340.727,0.28
136,1.0,7,-3.0,3658.912,0.091
136,1.0,8,4.0,3000.668,0.941
136,2.0,9,14.0,1220.573,0.987
136,2.0,10,10.0,1538.973,0.98
136,2.0,11,3.0,3669.403,0.927
136,2.0,12,9.0,1602.849,0.975
136,2.0,13,22.0,855.973,0.986
136,2.0,14,2.0,4671.232,0.834
136,2.0,15,21.0,876.241,0.987
136,2.0,16,15.0,1098.485,0.988
136,3.0,17,-15.0,1121.531,0.017
136,3.0,18,-13.0,1214.302,0.015
136,3.0,19,-15.0,1107.68,0.022
136,3.0,20,-1.0,5601.332,0.28
136,3.0,21,-3.0,3613.226,0.092
136,3.0,22,-5.0,2489.835,0.035
136,3.0,23,-11.0,1387.028,0.019
136,3.0,24,-1.0,5283.027,0.306
136,4.0,25,1.0,5286.047,0.702
136,4.0,26,-3.0,3641.877,0.084
136,4.0,27,-1.0,5348.356,0.305
136,4.0,28,-3.0,3610.231,0.089
136,4.0,29,3.0,3645.902,0.904
136,4.0,30,3.0,3685.598,0.908
136,4.0,31,1.0,5349.08,0.707
136,4.0,32,-1.0,5565.823,0.26
136,5.0,33,2.0,4585.348,0.832
136,5.0,34,2.0,4502.119,0.873
136,5.0,35,-1.0,5293.035,0.283
136,5.0,36,3.0,3641.275,0.925
136,5.0,37,1.0,5233.877,0.699
136,5.0,39,6.0,2184.409,0.96
136,5.0,40,-2.0,4433.998,0.159
136,6.0,41,6.0,2325.602,0.96
136,6.0,42,8.0,1729.545,0.966
136,6.0,43,-4.0,3011.842,0.06
136,6.0,44,2.0,4572.575,0.848
136,6.0,45,-4.0,2933.255,0.048
136,6.0,46,12.0,1337.83,0.981
136,6.0,47,0.0,5912.397,0.495
136,6.0,48,12.0,1268.224,0.984
136,7.0,49,-2.0,4401.519,0.154
136,7.0,50,-6.0,2234.124,0.036
136,7.0,51,-5.0,2506.897,0.047
136,7.0,52,-4.0,3003.323,0.043
136,7.0,53,0.0,5873.498,0.507
136,7.0,54,-2.0,4468.05,0.143
136,7.0,55,-4.0,2911.017,0.047
136,7.0,56,-1.0,5310.758,0.303
137,1.0,1,14.0,1172.641,0.979
137,1.0,2,8.0,1741.944,0.981
137,1.0,4,4.0,3056.988,0.945
137,1.0,5,4.0,3004.175,0.943
137,1.0,8,-2.0,4393.859,0.168
137,2.0,9,2.0,4524.814,0.831
137,2.0,10,11.0,1376.082,0.986
137,2.0,11,6.0,2176.597,0.968
137,2.0,12,11.0,1423.57,0.978
137,2.0,13,6.0,2283.963,0.967
137,2.0,14,15.0,1114.091,0.983
137,2.0,15,20.0,874.48,0.996
137,2.0,16,-3.0,3710.234,0.09
137,3.0,17,9.0,1536.088,0.984
137,3.0,18,-5.0,2507.068,0.03
137,3.0,19,6.0,2320.206,0.969
137,3.0,20,16.0,1051.258,0.984
137,3.0,21,5.0,2691.786,0.954
137,3.0,22,-5.0,2536.732,0.046
137,3.0,23,16.0,1096.304,0.982
137,3.0,24,2.0,4394.013,0.836
137,4.0,25,6.0,2246.422,0.965
137,4.0,27,-8.0,1810.856,0.024
137,4.0,28,6.0,2256.932,0.97
137,4.0,29,-11.0,1357.653,0.019
137,4.0,31,-7.0,1942.123,0.027
137,5.0,33,5.0,2508.49,0.955
137,5.0,34,3.0,3728.512,0.895
137,5.0,35,12.0,1282.999,0.983
137,5.0,36,3.0,3698.865,0.893
137,5.0,37,-4.0,3107.257,0.061
137,5.0,38,5.0,2655.282,0.963
137,5.0,39,5.0,2601.212,0.96
137,5.0,40,3.0,3785.523,0.896
137,6.0,41,1.0,5744.564,0.689
137,6.0,42,13.0,1291.258,0.987
137,6.0,43,1.0,5512.351,0.686
137,6.0,44,13.0,1175.0,0.988
137,6.0,45,1.0,5297.159,0.691
137,6.0,46,13.0,1243.667,0.979
137,6.0,47,13.0,1247.691,0.986
137,6.0,48,1.0,5538.036,0.695
137,7.0,49,-3.0,3732.798,0.08
137,7.0,50,-11.0,1323.551,0.016
137,7.0,52,6.0,2169.71,0.975
137,7.0,53,0.0,5940.183,0.491
137,7.0,54,-3.0,3734.65,0.086
137,7.0,55,0.0,5847.189,0.484
137,7.0,56,-9.0,1628.094,0.013
138,1.0,1,2.0,4524.006,0.844
138,1.0,4,-2.0,4459.45,0.142
138,1.0,6,2.0,4617.789,0.839
138,1.0,7,8.0,1734.67,0.977
138,1.0,8,-2.0,4477.848,0.161
138,2.0,9,-9.0,1574.47,0.026
138,2.0,10,-1.0,5363.073,0.283
138,2.0,11,11.0,1399.425,0.98
138,2.0,12,11.0,1434.509,0.984
138,2.0,13,-7.0,1927.839,0.019
138,2.0,14,3.0,3595.855,0.9
138,2.0,15,-9.0,1616.458,0.022
138,2.0,16,9.0,1557.438,0.987
138,3.0,17,4.0,2891.956,0.922
138,3.0,18,-7.0,1909.309,0.035
138,3.0,19,-11.0,1369.598,0.009
138,3.0,20,2.0,4408.118,0.83
138,3.0,21,5.0,2527.572,0.945
138,3.0,23,1.0,5333.716,0.706
138,4.0,25,-4.0,3073.405,0.053
138,4.0,26,1.0,5303.873,0.68
138,4.0,27,7.0,1922.987,0.97
138,4.0,28,-3.0,3609.745,0.08
138,4.0,29,-3.0,3528.339,0.078
138,4.0,30,6.0,2330.076,0.966
138,4.0,31,6.0,2437.614,0.957
138,4.0,32,2.0,4611.964,0.845
138,5.0,33,3.0,3644.984,0.922
138,5.0,34,-13.0,1186.786,0.013
138,5.0,36,9.0,1605.509,0.983
138,5.0,39,10.0,1466.529,0.977
138,5.0,40,-7.0,2007.03,0.029
138,6.0,41,-9.0,1598.943,0.015
138,6.0,42,3.0,3586.293,0.903
138,6.0,44,-4.0,2954.236,0.063
138,6.0,45,-2.0,4570.012,0.155
138,6.0,46,-2.0,4682.728,0.153
138,6.0,47,3.0,3717.731,0.903
138,6.0,48,-9.0,1624.107,0.02
138,7.0,49,6.0,2179.493,0.962
138,7.0,50,0.0,5681.032,0.508
138,7.0,51,6.0,2212.476,0.962
138,7.0,52,7.0,2026.057,0.975
138,7.0,53,0.0,5861.635,0.489
138,7.0,54,-1.0,5688.687,0.271
138,7.0,55,0.0,5674.569,0.49
138,7.0,56,6.0,2306.865,0.957
139,1.0,1,5.0,2552.994,0.955
139,1.0,2,5.0,2523.063,0.955
139,1.0,3,7.0,1947.481,0.972
139,1.0,4,9.0,1612.714,0.975
139,1.0,5,7.0,1918.369,0.966
139,1.0,6,0.0,5864.063,0.501
139,1.0,7,9.0,1589.888,0.979
139,1.0,8,14.0,1127.834,0.984
139,2.0,9,-14.0,1143.042,0.018
139,2.0,10,7.0,2036.529,0.977
139,2.0,11,14.0,1118.994,0.99
139,2.0,12,-8.0,1749.958,0.025
139,2.0,13,1.0,5570.387,0.711
139,2.0,14,14.0,1154.037,0.983
139,2.0,15,-21.0,865.565,0.011
139,3.0,17,1.0,5513.759,0.697
139,3.0,18,-3.0,3623.127,0.09
139,3.0,20,2.0,4430.88,0.828
139,3.0,22,5.0,2635.902,0.948
139,4.0,25,-4.0,3120.748,0.058
139,4.0,27,-6.0,2211.835,0.031
139,4.0,28,-11.0,1405.624,0.017
139,4.0,29,-8.0,1773.634,0.027
139,4.0,32,-4.0,3121.161,0.06
139,5.0,33,-6.0,2144.94,0.032
139,5.0,34,9.0,1567.574,0.981
139,5.0,35,-20.0,869.32,0.016
139,5.0,36,-5.0,2589.776,0.041
139,5.0,37,9.0,1630.421,0.977
139,5.0,38,-21.0,858.119,0.004
139,5.0,39,10.0,1515.501,0.979
139,5.0,40,-20.0,874.689,0.017
139,6.0,41,-2.0,4428.122,0.147
139,6.0,42,0.0,5775.77,0.495
139,6.0,44,17.0,1016.574,0.987
139,6.0,45,17.0,977.656,0.989
139,6.0,46,15.0,1094.557,0.987
139,6.0,47,-2.0,4405.333,0.146
139,6.0,48,15.0,1064.769,0.988
139,7.0,49,-5.0,2662.33,0.032
139,7.0,50,-9.0,1616.988,0.018
139,7.0,51,15.0,1101.356,0.977
139,7.0,52,5.0,2603.801,0.952
139,7.0,53,15.0,1107.846,0.984
140,1.0,1,4.0,2929.221,0.953
140,1.0,2,-1.0,5270.134,0.3
140,1.0,3,-7.0,1935.03,0.016
140,1.0,4,-2.0,4330.482,0.147
140,1.0,5,-5.0,2565.133,0.041
140,1.0,6,2.0,4526.993,0.818
140,1.0,7,-5.0,2544.727,0.045
140,1.0,8,2.0,4529.221,0.833
140,2.0,9,2.0,4575.694,0.847
140,2.0,10,14.0,1101.629,0.979
140,2.0,11,-1.0,5478.46,0.291
140,2.0,12,-13.0,1252.379,0.018
140,2.0,13,-6.0,2231.672,0.025
140,2.0,14,-5.0,2627.755,0.041
140,2.0,15,6.0,2245.413,0.975
140,2.0,16,7.0,2037.317,0.967
140,3.0,17,-5.0,2513.252,0.05
140,3.0,18,0.0,5583.47,0.505
140,3.0,19,-10.0,1543.555,0.009
140,3.0,20,-4.0,3058.135,0.057
140,3.0,21,-6.0,2145.343,0.034
140,3.0,22,-5.0,2484.729,0.046
140,3.0,23,-6.0,2179.126,0.025
140,3.0,24,-4.0,3038.442,0.054
140,4.0,25,1.0,5691.747,0.711
140,4.0,26,-5.0,2554.579,0.038
140,4.0,27,-3.0,3659.432,0.071
140,4.0,28,-3.0,3553.357,0.096
140,4.0,29,1.0,5381.82,0.71
140,4.0,30,3.0,3736.184,0.901
140,4.0,31,-3.0,3717.928,0.089
140,4.0,32,1.0,5493.682,0.718
140,5.0,33,-7.0,1938.014,0.028
140,5.0,34,-9.0,1638.346,0.02
140,5.0,35,0.0,5674.441,0.507
140,5.0,36,12.0,1251.543,0.988
140,5.0,37,10.0,1436.065,0.981
140,5.0,38,-6.0,2183.427,0.021
140,5.0,39,9.0,1612.01,0.973
140,5.0,40,3.0,3612.381,0.905
140,6.0,41,5.0,2625.162,0.955
140,6.0,42,4.0,2982.102,0.927
140,6.0,43,-1.0,5245.849,0.284
140,6.0,44,-6.0,2212.478,0.033
140,6.0,45,1.0,5458.194,0.699
140,6.0,46,-12.0,1286.898,0.011
140,6.0,47,-8.0,1757.826,0.018
140,6.0,48,-11.0,1389.996,0.017
140,7.0,49,1.0,5284.121,0.695
140,7.0,50,-2.0,4617.608,0.16
140,7.0,51,-2.0,4392.452,0.158
140,7.0,52,0.0,5604.409,0.514
140,7.0,53,4.0,3004.033,0.937
140,7.0,54,6.0,2286.064,0.967
140,7.0,55,6.0,2224.747,0.973
140,7.0,56,3.0,3646.634,0.884
141,1.0,2,2.0,4558.997,0.855
141,1.0,3,-3.0,3766.066,0.071
141,1.0,4,2.0,4504.067,0.819
141,1.0,5,-3.0,3541.339,0.081
141,1.0,6,-2.0,4447.075,0.134
141,1.0,7,1.0,5545.772,0.685
141,1.0,8,-3.0,3699.27,0.092
141,2.0,9,-8.0,1732.444,0.023
141,2.0,10,3.0,3711.701,0.909
141,2.0,11,-6.0,2134.194,0.03
141,2.0,13,-7.0,2024.635,0.027
141,2.0,14,-7.0,1931.79,0.027
141,2.0,15,3.0,3712.393,0.906
141,2.0,16,4.0,3099.532,0.916
141,3.0,17,-1.0,5287.607,0.316
141,3.0,18,6.0,2234.632,0.967
141,3.0,19,-1.0,5592.969,0.309
141,3.0,20,12.0,1292.086,0.984
141,3.0,21,12.0,1293.287,0.988
141,3.0,22,4.0,2999.343,0.947
141,3.0,23,7.0,1941.359,0.974
141,3.0,24,5.0,2620.373,0.964
141,4.0,25,3.0,3700.632,0.916
141,4.0,26,1.0,5245.239,0.703
141,4.0,27,-1.0,5406.819,0.293
141,4.0,28,-1.0,5504.866,0.293
141,4.0,29,-1.0,5541.07,0.302
141,4.0,30,-3.0,3723.979,0.094
141,4.0,31,1.0,5378.577,0.694
141,4.0,32,1.0,5504.29,0.688
141,5.0,33,4.0,2925.87,0.943
141,5.0,34,9.0,1620.661,0.986
141,5.0,35,1.0,5632.496,0.684
141,5.0,36,5.0,2566.962,0.963
141,5.0,37,10.0,1521.986,0.98
141,5.0,38,-3.0,3624.372,0.069
141,5.0,39,2.0,4396.871,0.844
141,5.0,40,-4.0,3003.447,0.06
141,6.0,41,4.0,2998.155,0.933
141,6.0,42,-3.0,3664.069,0.075
141,6.0,43,-3.0,3424.252,0.095
141,6.0,44,-3.0,3690.822,0.094
141,6.0,45,4.0,3101.531,0.936
141,6.0,46,4.0,3008.906,0.93
141,6.0,47,-3.0,3684.859,0.078
141,6.0,48,4.0,2956.251,0.935
141,7.0,49,0.0,5817.519,0.5
141,7.0,50,-6.0,2168.847,0.032
141,7.0,51,-2.0,4243.196,0.15
141,7.0,52,0.0,6015.967,0.499
141,7.0,53,-2.0,4412.874,0.161
141,7.0,55,0.0,5884.309,0.49
141,7.0,56,-2.0,4451.937,0.141
142,1.0,1,-4.0,3042.415,0.057
142,1.0,2,-11.0,1386.668,0.018
142,1.0,3,-11.0,1286.634,0.013
142,1.0,4,7.0,1952.626,0.969
142,1.0,5,7.0,2068.688,0.974
142,1.0,6,7.0,2048.331,0.969
142,1.0,7,0.0,5765.436,0.479
142,2.0,9,11.0,1414.952,0.989
142,2.0,11,0.0,5986.233,0.525
142,2.0,12,-3.0,3667.196,0.094
142,2.0,13,11.0,1387.565,0.978
142,2.0,15,-1.0,5553.399,0.281
142,3.0,17,-3.0,3634.855,0.082
142,3.0,18,-3.0,3592.324,0.094
142,3.0,19,-8.0,1842.539,0.034
142,3.0,20,0.0,5680.77,0.501
142,3.0,23,0.0,5851.013,0.499
142,4.0,25,2.0,4466.861,0.856
142,4.0,27,-2.0,4352.027,0.153
142,4.0,30,2.0,4365.046,0.846
142,4.0,32,4.0,3052.198,0.936
142,5.0,33,-5.0,2477.926,0.034
142,5.0,34,0.0,5850.55,0.513
142,5.0,38,0.0,5734.479,0.471
142,5.0,40,-4.0,3020.059,0.058
142,6.0,41,-4.0,3029.385,0.053
142,6.0,42,10.0,1507.562,0.987
142,6.0,44,-17.0,1016.409,0.01
142,6.0,46,-3.0,3611.271,0.088
142,7.0,49,-3.0,3626.003,0.082
142,7.0,50,5.0,2595.563,0.965
142,7.0,51,3.0,3634.215,0.92
142,7.0,52,3.0,3768.13,0.91
142,7.0,53,-3.0,3811.942,0.098
142,7.0,54,3.0,3673.907,0.908
142,7.0,55,-5.0,2470.614,0.029
142,7.0,56,-3.0,3682.955,0.083
144,1.0,1,9.0,1626.621,0.98
144,1.0,2,5.0,2522.95,0.953
144,1.0,3,-17.0,991.353,0.014
144,1.0,4,5.0,2675.801,0.959
144,1.0,5,-3.0,3599.108,0.109
144,1.0,6,-17.0,962.708,0.017
144,1.0,7,-9.0,1526.916,0.021
144,1.0,8,-21.0,858.707,0.01
144,2.0,9,-1.0,5584.116,0.263
144,2.0,10,3.0,3732.303,0.903
144,2.0,11,4.0,3157.661,0.947
144,2.0,12,7.0,2071.827,0.982
144,2.0,13,-5.0,2494.125,0.05
144,2.0,14,4.0,2969.952,0.938
144,2.0,15,-2.0,4471.312,0.152
144,2.0,16,-2.0,4634.248,0.16
144,3.0,17,-3.0,3760.729,0.1
144,3.0,18,-2.0,4585.84,0.161
144,3.0,19,2.0,4583.942,0.846
144,3.0,20,9.0,1587.151,0.978
144,3.0,21,2.0,4459.769,0.846
144,3.0,22,-10.0,1444.123,0.014
144,3.0,23,1.0,5202.602,0.695
144,3.0,24,-3.0,3756.31,0.094
144,4.0,25,9.0,1603.967,0.978
144,4.0,26,-2.0,4487.564,0.157
144,4.0,27,11.0,1381.836,0.986
144,4.0,28,13.0,1217.284,0.99
144,4.0,29,9.0,1690.563,0.984
144,4.0,30,2.0,4497.707,0.838
144,4.0,31,0.0,5854.319,0.494
144,4.0,32,2.0,4487.186,0.844
144,5.0,33,3.0,3704.487,0.923
144,5.0,34,5.0,2635.648,0.955
144,5.0,35,2.0,4285.823,0.828
144,5.0,36,8.0,1744.612,0.97
144,5.0,37,11.0,1380.332,0.975
144,5.0,38,-10.0,1464.558,0.024
144,5.0,39,23.0,851.808,0.982
144,5.0,40,10.0,1466.213,0.979
144,6.0,41,17.0,986.238,0.987
144,6.0,42,7.0,2027.019,0.972
144,6.0,43,13.0,1219.187,0.985
144,6.0,44,4.0,3004.579,0.945
144,6.0,45,8.0,1739.796,0.979
144,6.0,46,14.0,1176.325,0.982
144,6.0,47,12.0,1313.839,0.991
144,6.0,48,9.0,1666.4,0.984
144,7.0,49,7.0,2003.421,0.965
144,7.0,50,7.0,1850.547,0.972
144,7.0,51,-4.0,3035.618,0.061
144,7.0,52,-4.0,2972.855,0.066
144,7.0,53,7.0,2065.222,0.964
144,7.0,54,5.0,2632.967,0.962
144,7.0,55,-4.0,2910.784,0.045
144,7.0,56,-2.0,4526.532,0.15
146,2.0,9,-11.0,1378.126,0.015
146,2.0,10,1.0,5250.681,0.708
146,2.0,11,-3.0,3615.574,0.087
146,2.0,12,-5.0,2581.495,0.045
146,2.0,13,-3.0,3625.926,0.08
146,2.0,14,-9.0,1599.284,0.028
146,2.0,15,-5.0,2513.596,0.039
146,2.0,16,3.0,3551.084,0.905
146,3.0,17,3.0,3698.164,0.905
146,3.0,18,-1.0,5390.961,0.273
146,3.0,19,3.0,3627.631,0.911
146,3.0,20,-1.0,5304.207,0.283
146,3.0,21,-1.0,5384.021,0.307
146,3.0,22,-1.0,5551.171,0.278
146,3.0,23,3.0,3630.061,0.914
146,3.0,24,3.0,3785.103,0.915
146,4.0,25,-1.0,5298.567,0.276
146,4.0,26,6.0,2194.878,0.97
146,4.0,27,3.0,3848.167,0.91
146,4.0,28,6.0,2255.192,0.962
146,4.0,29,2.0,4517.968,0.835
146,4.0,30,6.0,2240.682,0.963
146,4.0,31,-1.0,5495.703,0.286
146,4.0,32,-1.0,5222.972,0.299
146,5.0,33,-1.0,5538.519,0.265
146,5.0,34,-3.0,3538.039,0.091
146,5.0,35,-1.0,5332.486,0.304
146,5.0,36,4.0,3081.448,0.936
146,5.0,37,2.0,4343.259,0.809
146,5.0,38,-1.0,5329.644,0.3
146,5.0,39,2.0,4458.632,0.836
146,5.0,40,2.0,4523.11,0.822
146,6.0,41,-5.0,2503.673,0.035
146,6.0,42,-5.0,2541.755,0.038
146,6.0,43,-3.0,3595.945,0.088
146,6.0,44,-4.0,2895.913,0.049
146,6.0,45,-2.0,4185.172,0.157
146,6.0,46,-4.0,3009.741,0.058
146,6.0,47,-2.0,4244.721,0.147
146,6.0,48,-3.0,3634.075,0.087
146,7.0,49,1.0,5564.735,0.701
146,7.0,50,3.0,3838.845,0.907
146,7.0,51,2.0,4381.384,0.857
146,7.0,52,4.0,2953.611,0.939
146,7.0,53,8.0,1764.107,0.983
146,7.0,54,4.0,2953.478,0.942
146,7.0,55,-3.0,3717.651,0.096
146,7.0,56,1.0,5339.183,0.713
148,1.0,1,-2.0,4391.515,0.163
148,1.0,3,11.0,1405.9,0.986
148,1.0,7,5.0,2524.627,0.973
148,2.0,9,5.0,2538.165,0.966
148,2.0,10,-10.0,1462.416,0.022
148,2.0,11,-3.0,3561.315,0.099
148,2.0,12,-3.0,3620.226,0.104
148,2.0,14,-2.0,4374.638,0.153
148,2.0,16,-6.0,2180.697,0.03
148,3.0,17,6.0,2252.693,0.963
148,3.0,18,3.0,3695.347,0.911
148,3.0,19,6.0,2216.974,0.956
148,3.0,20,6.0,2310.365,0.964
148,3.0,21,10.0,1492.668,0.969
148,3.0,22,3.0,3747.037,0.896
148,3.0,23,-1.0,5456.943,0.297
148,3.0,24,3.0,3544.313,0.895
148,4.0,25,-3.0,3746.211,0.094
148,4.0,26,-3.0,3772.254,0.091
148,4.0,27,-3.0,3535.099,0.084
148,4.0,28,-3.0,3593.174,0.084
148,4.0,29,-3.0,3576.382,0.092
148,4.0,30,5.0,2622.183,0.958
148,4.0,31,-3.0,3589.479,0.095
148,4.0,32,-11.0,1343.221,0.026
148,5.0,33,-1.0,5545.909,0.281
148,5.0,34,-2.0,4576.043,0.138
148,5.0,35,-7.0,1990.825,0.019
148,5.0,36,-1.0,5554.831,0.308
148,5.0,37,-4.0,2967.627,0.061
148,5.0,38,-7.0,1933.063,0.031
148,5.0,39,-4.0,3120.374,0.062
148,5.0,40,-6.0,2190.392,0.034
148,6.0,41,0.0,5821.652,0.486
148,6.0,42,-6.0,2145.65,0.037
148,6.0,43,1.0,5327.193,0.703
148,6.0,44,-6.0,2101.714,0.029
148,6.0,46,0.0,5864.248,0.489
148,6.0,47,-7.0,1961.841,0.027
148,6.0,48,1.0,5475.679,0.706
148,7.0,49,1.0,5384.295,0.711
148,7.0,52,-1.0,5384.228,0.323
148,7.0,55,1.0,5241.771,0.712
148,7.0,56,3.0,3471.583,0.889
149,1.0,1,2.0,4488.791,0.851
149,1.0,2,4.0,2972.031,0.946
149,1.0,3,-2.0,4443.296,0.152
149,1.0,4,4.0,3114.888,0.935
149,1.0,5,4.0,3054.017,0.936
149,1.0,6,2.0,4418.836,0.843
149,1.0,7,8.0,1773.988,0.978
149,1.0,8,2.0,4579.727,0.831
149,2.0,9,-7.0,1933.869,0.021
149,2.0,10,2.0,4504.15,0.831
149,2.0,11,-5.0,2489.714,0.035
149,2.0,12,0.0,6130.088,0.519
149,2.0,13,0.0,5816.448,0.52
149,2.0,14,-7.0,1981.067,0.019
149,2.0,15,2.0,4509.832,0.848
149,2.0,16,-5.0,2539.869,0.025
149,3.0,17,1.0,5433.491,0.679
149,3.0,18,8.0,1747.536,0.984
149,3.0,19,6.0,2297.036,0.956
149,3.0,20,1.0,5503.2,0.678
149,3.0,21,8.0,1776.552,0.979
149,3.0,22,8.0,1774.739,0.98
149,3.0,23,1.0,5484.44,0.701
149,3.0,24,3.0,3575.049,0.919
149,4.0,25,6.0,2199.457,0.966
149,4.0,26,3.0,3787.092,0.896
149,4.0,27,-2.0,4503.71,0.13
149,4.0,28,1.0,5540.836,0.698
149,4.0,29,1.0,5037.361,0.714
149,4.0,30,1.0,5242.323,0.716
149,4.0,31,3.0,3610.47,0.926
149,4.0,32,3.0,3726.786,0.894
149,5.0,33,0.0,5837.051,0.498
149,5.0,34,12.0,1287.994,0.987
149,5.0,35,-13.0,1195.557,0.005
149,5.0,36,9.0,1552.264,0.972
149,5.0,37,-4.0,3031.399,0.052
149,5.0,38,-13.0,1209.814,0.012
149,5.0,39,9.0,1619.989,0.984
149,5.0,40,-16.0,1062.211,0.014
149,6.0,41,-1.0,5663.288,0.283
149,6.0,42,-3.0,3816.032,0.085
149,6.0,43,-1.0,5337.798,0.29
149,6.0,44,-2.0,4397.647,0.135
149,6.0,45,-4.0,2815.981,0.059
149,6.0,46,-4.0,3074.36,0.054
149,6.0,47,-1.0,5370.995,0.273
149,6.0,48,-4.0,3077.442,0.058
149,7.0,49,-2.0,4520.422,0.138
149,7.0,50,-3.0,3591.274,0.085
149,7.0,51,18.0,998.394,0.985
149,7.0,52,17.0,979.155,0.99
149,7.0,53,-2.0,4450.235,0.143
149,7.0,54,14.0,1181.424,0.978
149,7.0,55,1.0,5427.818,0.701
149,7.0,56,17.0,1017.589,0.987
150,1.0,1,-5.0,2554.436,0.037
150,1.0,2,-1.0,5360.197,0.286
150,1.0,3,-2.0,4446.062,0.17
150,1.0,4,2.0,4543.811,0.839
150,1.0,5,5.0,2596.665,0.96
150,1.0,6,-2.0,4405.565,0.145
150,1.0,7,1.0,5268.02,0.697
150,1.0,8,2.0,4576.196,0.826
150,2.0,9,3.0,3585.553,0.9
150,2.0,10,7.0,2035.111,0.968
150,2.0,11,-1.0,5273.144,0.272
150,2.0,12,3.0,3743.924,0.909
150,2.0,13,3.0,3629.683,0.903
150,2.0,14,3.0,3702.147,0.899
150,2.0,15,1.0,5208.402,0.706
150,2.0,16,5.0,2535.02,0.949
150,3.0,17,-2.0,4408.164,0.139
150,3.0,18,-6.0,2212.094,0.024
150,3.0,19,-3.0,3775.994,0.066
150,3.0,20,-3.0,3731.152,0.088
150,3.0,21,-2.0,4646.047,0.17
150,3.0,22,-3.0,3693.601,0.096
150,3.0,23,1.0,5443.629,0.716
150,3.0,24,-2.0,4504.842,0.148
150,4.0,25,4.0,3074.666,0.941
150,4.0,26,5.0,2582.014,0.959
150,4.0,27,2.0,4604.77,0.848
150,4.0,28,1.0,5838.027,0.709
150,4.0,29,5.0,2582.773,0.961
150,4.0,30,-1.0,5399.398,0.291
150,4.0,31,1.0,5436.116,0.664
150,4.0,32,7.0,1938.343,0.967
150,5.0,33,-2.0,4586.506,0.135
150,5.0,34,-1.0,5212.29,0.306
150,5.0,35,3.0,3720.55,0.906
150,5.0,36,-2.0,4407.9,0.141
150,5.0,37,-6.0,2224.659,0.039
150,5.0,38,-1.0,5588.666,0.311
150,5.0,39,-2.0,4448.04,0.16
150,5.0,40,-1.0,5437.076,0.285
150,6.0,41,1.0,5405.83,0.692
150,6.0,42,-2.0,4283.371,0.134
150,6.0,43,1.0,5590.521,0.704
150,6.0,44,1.0,5343.695,0.685
150,6.0,45,-12.0,1278.678,0.018
150,6.0,46,-12.0,1290.972,0.021
150,6.0,47,-9.0,1616.742,0.018
150,6.0,48,-12.0,1249.259,0.015
150,7.0,49,3.0,3617.782,0.905
150,7.0,50,5.0,2646.058,0.965
150,7.0,51,1.0,5637.837,0.698
150,7.0,52,3.0,3695.486,0.897
150,7.0,53,1.0,5455.051,0.673
150,7.0,54,2.0,4409.307,0.834
150,7.0,55,4.0,3024.928,0.939
150,7.0,56,5.0,2533.504,0.966
