subject,choice_bin,recalled_offer_value,game,rt,recalled_total_count,recalled_offer_count
101,0,2.0,1,12.338066875003278,6,3
101,0,-4.0,1,14.256583416019566,6,3
101,1,8.0,1,7.267857666010968,6,3
101,1,1.0,1,23.057488374994136,6,3
101,0,2.0,1,8.188803375000134,6,3
101,1,1.0,1,5.252752249944024,6,3
101,1,7.0,1,1.8111851669382304,6,3
101,0,-5.0,1,2.301793250022456,6,3
101,0,-7.0,2,19.747027875040654,6,3
101,0,1.0,2,10.80698737502098,6,3
101,1,-7.0,2,21.413059125072323,6,3
101,0,-7.0,2,11.622723667067476,6,3
101,0,-15.0,2,8.690614124992862,6,3
101,0,-7.0,2,6.621130750048906,6,3
101,0,-17.0,2,7.580716666998342,6,3
101,1,3.0,2,4.666229874943383,6,3
101,1,2.0,3,33.20751295797527,6,3
101,1,4.0,3,20.344239125028253,6,3
101,0,-2.0,3,7.376978749991395,6,3
101,1,2.0,3,6.0246376659488305,6,3
101,1,8.0,3,2.1925120829837397,6,3
101,1,4.0,3,1.0523985410109162,6,3
101,1,2.0,3,10.507461083005182,6,3
101,1,4.0,3,2.96003983297851,6,3
101,1,1.0,4,15.08604804193601,6,3
101,1,-1.0,4,13.194192833034322,6,3
101,1,6.0,4,6.755183957982808,6,3
101,1,2.0,4,11.721790582989344,6,3
101,0,-1.0,4,15.720312208984978,6,3
101,1,3.0,4,8.06427795800846,6,3
101,1,4.0,4,6.194624542025849,6,3
101,1,6.0,4,4.627517707995139,6,3
101,1,1.0,5,19.036868416937068,6,3
101,1,1.0,5,8.802479250007309,6,3
101,1,1.0,5,11.9978993749246,6,3
101,1,-1.0,5,7.186649541021325,6,3
101,0,-3.0,5,9.688739584060386,6,3
101,0,-1.0,5,9.37356112501584,6,3
101,0,-3.0,5,16.027387458947487,6,3
101,0,-3.0,5,8.628625291981734,6,3
101,1,1.0,6,34.82091787504032,6,3
101,1,3.0,6,9.28916908300016,6,3
101,0,-1.0,6,9.135290417005308,6,3
101,1,3.0,6,15.752294708043337,6,3
101,0,3.0,6,22.01103254093323,6,3
101,1,1.0,6,6.700038500013761,6,3
101,1,-1.0,6,7.431222124956548,6,3
101,1,-1.0,6,5.113205374917015,6,3
101,0,-6.0,7,12.365650417050349,6,3
101,0,-3.0,7,10.72541779105086,6,3
101,0,-3.0,7,9.400387874920852,6,3
101,0,-7.0,7,6.281259207986295,6,3
101,0,-6.0,7,6.40163429104723,6,3
101,0,-2.0,7,7.092488958965987,6,3
101,0,-3.0,7,8.314516582991928,6,3
101,0,-6.0,7,2.457128416048363,6,3
103,0,2.0,1,14.062734958017243,6,3
103,1,9.0,1,24.833274999982677,6,3
103,0,5.0,1,12.0465518750716,6,3
103,1,-2.0,1,10.608763040974736,6,3
103,0,-1.0,1,10.133375832927412,6,3
103,1,-2.0,1,5.040337499929592,6,3
103,1,8.0,1,8.420043624937534,6,3
103,1,9.0,1,6.173746875021607,6,3
103,1,-6.0,2,15.300518541014752,4,1
103,0,-8.0,2,10.054789750021882,4,2
103,1,-3.0,2,22.120465916930694,4,2
103,0,-3.0,2,10.743996166042052,4,2
103,1,2.0,2,19.61226841597818,4,2
103,0,-3.0,2,5.646499624941498,4,2
103,0,0.0,2,10.375634209020063,4,3
103,1,-3.0,2,15.868244708050042,4,2
103,1,4.0,3,8.834407874965109,5,3
103,1,7.0,3,29.658429875038564,5,2
103,0,5.0,3,10.497171583003365,5,3
103,1,13.0,3,9.244526749942452,5,2
103,0,-1.0,3,2.633825666969642,5,3
103,1,8.0,3,4.2468404999235645,5,2
103,1,5.0,3,14.673821666045114,5,3
103,1,7.0,3,21.41356308304239,5,2
103,1,-3.0,4,15.61622433399316,5,3
103,0,-6.0,4,14.085815540980548,5,2
103,1,-4.0,4,11.486993000027724,5,2
103,0,-4.0,4,14.811134500079788,5,2
103,1,-4.0,4,24.573432959034108,5,2
103,0,-1.0,4,7.447224667062983,5,3
103,0,-3.0,4,6.951357625075616,5,3
103,1,-3.0,4,18.69697479205206,5,3
103,1,-1.0,5,37.46965962497052,5,3
103,0,-2.0,5,16.790348042035475,5,3
103,0,0.0,5,18.815463667036965,5,2
103,0,3.0,5,25.198714207974263,5,2
103,0,1.0,5,16.49158237501979,5,2
103,0,-2.0,5,8.83203249995131,5,3
103,0,-4.0,5,4.395553083042614,5,3
103,0,1.0,5,8.869144375086762,5,2
103,0,0.0,6,67.30460041598417,5,2
103,0,-2.0,6,17.598854375071824,5,3
103,1,4.0,6,17.13334058399778,5,2
103,1,4.0,6,28.71283787500579,5,2
103,0,1.0,6,17.063075124984607,5,2
103,1,1.0,6,15.112265125033446,5,3
103,0,2.0,6,9.849985375069082,5,3
103,0,-2.0,6,13.821856584050693,5,3
103,0,-1.0,7,4.5658652919810265,6,3
103,0,-7.0,7,7.117545707966201,6,3
103,1,4.0,7,10.529879999929108,6,3
103,0,-1.0,7,10.513634916977026,6,3
103,1,4.0,7,8.95531187497545,6,3
103,0,-7.0,7,3.628575499984436,6,3
103,0,-2.0,7,17.422590582980774,6,3
103,0,-2.0,7,6.19561662490014,6,3
104,0,4.0,1,2.6777360419509932,4,2
104,1,4.0,1,1.1347983329324052,4,2
104,0,-2.0,1,1.7368539579911155,4,1
104,1,5.0,1,0.9296067919349298,4,2
104,1,9.0,1,2.618371875025332,4,2
104,1,11.0,1,2.285553125082515,4,3
104,1,5.0,1,0.7779633329482749,4,2
104,0,0.0,1,1.2480977090308445,4,2
104,0,2.0,2,11.362428708001971,5,2
104,1,9.0,2,3.351680124993436,5,3
104,1,-3.0,2,0.8441960000200197,5,2
104,0,-1.0,2,7.782831375021488,5,2
104,1,0.0,2,4.0416492079384625,5,2
104,1,4.0,2,1.187969999969937,5,3
104,1,6.0,2,1.6605947919888422,5,3
104,1,7.0,2,3.759918999974616,5,3
104,1,7.0,3,3.7604143749922514,3,1
104,1,5.0,3,1.4556608750717714,3,2
104,0,-3.0,3,4.086700291954912,3,1
104,0,-3.0,3,5.473612417001277,3,1
104,1,2.0,3,1.2939922499936074,3,3
104,1,5.0,3,4.816386708058417,3,2
104,0,-5.0,3,2.5170710829552263,3,2
104,1,5.0,4,1.3051365420687944,5,3
104,1,5.0,4,0.5213593749795109,5,2
104,1,3.0,4,0.430837457999587,5,3
104,1,5.0,4,4.811406249995343,5,2
104,1,5.0,4,0.4008932909928262,5,2
104,0,5.0,4,0.7083544170018286,5,3
104,1,5.0,4,0.8427637499989942,5,3
104,1,7.0,4,0.8805609999690205,5,2
104,1,-16.0,5,1.0543427090160549,5,2
104,1,-10.0,5,9.378299625008369,5,2
104,0,-8.0,5,0.7599747499916703,5,3
104,1,-6.0,5,1.4652923750691116,5,3
104,0,-12.0,5,1.0646406250307336,5,2
104,0,-14.0,5,3.4867622080491856,5,2
104,1,-4.0,5,2.8579910829430446,5,3
104,0,-10.0,5,1.2372581659583377,5,3
104,0,3.0,6,2.7241994170472026,4,1
104,1,3.0,6,6.599914000020362,4,1
104,1,-6.0,6,3.878611791995354,4,2
104,1,1.0,6,4.069019917049445,4,3
104,1,10.0,6,1.727344833081588,4,2
104,1,1.0,6,1.924536957987584,4,3
104,1,1.0,6,0.6081641250057146,4,3
104,0,3.0,6,11.465849000029266,4,1
104,1,10.0,7,9.729151666979304,6,3
104,1,3.0,7,2.8362104169791564,6,3
104,1,16.0,7,1.511956917005591,6,3
104,1,9.0,7,11.2331016670214,6,3
104,1,9.0,7,6.256807332974859,6,3
104,1,9.0,7,6.391611875034869,6,3
104,1,10.0,7,5.509306167019531,6,3
104,1,10.0,7,9.435082374955527,6,3
105,1,7.0,1,6.351288583944552,3,2
105,0,-1.0,1,3.798770499997772,3,1
105,1,9.0,1,1.113639457966201,3,2
105,0,-1.0,1,4.153576708049513,3,1
105,1,8.0,1,2.819347291951999,3,3
105,0,9.0,1,2.3712131249485537,3,2
105,1,1.0,1,3.0312586670042947,3,1
105,1,20.0,2,4.049898999975994,3,3
105,0,4.0,2,4.394204374984838,3,1
105,1,16.0,2,0.5587012500036508,3,2
105,0,12.0,2,3.147713084006682,3,2
105,1,20.0,2,0.832736958982423,3,3
105,1,8.0,2,0.8065602920250967,3,1
105,1,4.0,3,1.683105874923058,2,1
105,1,2.0,3,1.5088404170237482,2,2
105,1,2.0,3,1.5943599159363655,2,2
105,1,-2.0,3,1.4525454170070589,2,1
105,1,2.0,3,1.1042189999716356,2,2
105,1,9.0,4,3.0387176249641925,2,1
105,1,9.0,4,1.695655290968716,2,1
105,0,18.0,4,0.3650377499870956,2,2
105,1,18.0,4,0.5698484999593347,2,2
105,1,9.0,4,2.3158307910198346,2,1
105,0,9.0,4,3.869751499965787,2,1
105,0,-8.0,5,2.632470833021216,2,1
105,0,3.0,5,5.405779791995883,2,1
105,0,-5.0,5,6.345956749981269,2,2
105,0,-8.0,5,2.7430502920178697,2,1
105,1,-8.0,5,2.261646958999336,2,1
105,1,3.0,5,0.974659041967243,2,1
105,1,3.0,5,1.831697165966034,2,1
105,1,-6.0,6,2.264907708973624,2,2
105,1,2.0,6,4.788127833977342,2,1
105,1,-6.0,6,2.143643084098585,2,2
105,0,-8.0,6,0.7578217500122264,2,1
105,1,2.0,6,1.2086673750309274,2,1
105,0,-8.0,6,1.1570180000271648,2,1
105,1,-1.0,7,2.415791915962473,2,2
105,1,-3.0,7,0.8172765000490472,2,1
105,1,2.0,7,1.5505095419939607,2,1
105,1,-1.0,7,1.8408980829408392,2,2
105,0,-1.0,7,1.913525625015609,2,2
106,1,5.0,1,2.8335240409942344,5,3
106,1,8.0,1,0.6281142910011113,5,3
106,1,-1.0,1,7.456064291996881,5,2
106,1,7.0,1,0.2255763750290498,5,2
106,0,-3.0,1,0.4287027909886092,5,3
106,0,-3.0,1,0.2897909169550985,5,3
106,0,-4.0,1,0.1340597920352593,5,2
106,1,7.0,1,2.01708808389958,5,2
106,1,6.0,2,3.706560832913965,6,3
106,1,13.0,2,2.0237249169731513,6,3
106,0,-1.0,2,0.5183191660325974,6,3
106,1,12.0,2,0.4517687499755993,6,3
106,1,5.0,2,2.135697999969125,6,3
106,0,3.0,2,2.771725958096795,6,3
106,1,8.0,2,2.234942250070162,6,3
106,1,-2.0,2,2.05441516591236,6,3
106,0,-5.0,3,14.918108790996484,5,3
106,1,0.0,3,4.4598969999933615,5,2
106,1,4.0,3,1.605088124983013,5,2
106,0,-8.0,3,5.856614290969446,5,3
106,0,-9.0,3,7.002851124969311,5,3
106,1,-5.0,3,5.042139875004068,5,3
106,1,3.0,3,0.2882426249561831,5,2
106,1,0.0,3,11.514413958997466,5,2
106,0,-3.0,4,8.043628499959596,5,3
106,0,-6.0,4,8.080775292008184,5,2
106,1,-10.0,4,0.854230625089258,5,3
106,0,1.0,4,2.543876833980903,5,3
106,1,-10.0,4,1.6237369159935042,5,2
106,0,1.0,4,4.577835625037551,5,2
106,1,1.0,4,3.046500957920216,5,3
106,1,-10.0,4,3.699104957981035,5,2
106,1,2.0,5,25.471419292036444,5,3
106,0,-1.0,5,5.125018166960217,5,3
106,1,-1.0,5,2.560310333967209,5,2
106,1,0.0,5,2.290591500001028,5,2
106,1,-1.0,5,2.4461863751057535,5,2
106,0,-2.0,5,3.755572957918048,5,3
106,0,-1.0,5,4.2599175840150565,5,3
106,0,-4.0,5,1.0041726670460775,5,2
106,1,8.0,6,11.463948999997228,5,2
106,1,6.0,6,3.057079792022705,5,2
106,0,1.0,6,7.843068792019039,5,3
106,0,-1.0,6,10.158157333964482,5,3
106,1,5.0,6,1.2549979999894276,5,3
106,0,2.0,6,4.847874375060201,5,2
106,1,8.0,6,0.4887577920453623,5,2
106,0,-1.0,6,1.505555666051805,5,3
106,1,-5.0,7,8.256629499956034,6,3
106,0,-1.0,7,0.6997970830416307,6,3
106,1,-1.0,7,5.8546184580773115,6,3
106,0,-11.0,7,2.625955957919359,6,3
106,0,-9.0,7,1.035131916985847,6,3
106,0,-5.0,7,1.5426541669294238,6,3
106,1,1.0,7,0.7719101670663804,6,3
106,1,-9.0,7,2.3637077909661457,6,3
107,1,2.0,1,25.581430041929707,5,2
107,1,10.0,1,7.316948457970284,5,2
107,1,-4.0,1,16.05985366704408,5,2
107,0,-2.0,1,2.7563375839963555,5,3
107,1,10.0,1,6.240629833075218,5,2
107,0,-10.0,1,2.4058207499329,5,3
107,1,4.0,1,12.453181333024986,5,3
107,0,-10.0,1,2.957775916089304,5,3
107,0,0.0,2,15.500886916997842,5,2
107,1,5.0,2,19.565811500069685,5,2
107,0,6.0,2,7.235825791023672,5,3
107,0,9.0,2,6.728127708076499,5,2
107,0,4.0,2,8.164197333040647,5,3
107,0,-3.0,2,11.628369000041856,5,3
107,1,1.0,2,5.084119000006467,5,3
107,1,2.0,2,7.440315291984007,5,2
107,1,-3.0,3,17.711404417059384,5,3
107,1,-1.0,3,3.335698000038974,5,3
107,0,1.0,3,6.245647665928118,5,2
107,1,3.0,3,19.456212916993536,5,2
107,0,9.0,3,15.22476158302743,5,3
107,0,-4.0,3,4.2795675420202315,5,3
107,1,4.0,3,10.430920916958712,5,2
107,0,-9.0,3,3.9327957089990377,5,2
107,1,6.0,4,5.7851755829760805,3,1
107,1,4.0,4,12.00018245796673,3,1
107,1,2.0,4,16.073909915983677,3,2
107,1,0.0,4,10.026691583101638,3,2
107,0,4.0,4,6.079415250103921,3,1
107,1,2.0,4,7.388421625015326,3,2
107,1,2.0,4,1.2317042500944808,3,2
107,0,4.0,4,10.700646292068996,3,1
107,1,1.0,5,5.146667541004717,4,1
107,1,6.0,5,0.5580921670189127,4,2
107,0,4.0,5,13.776428124983797,4,3
107,1,-3.0,5,4.113806707900949,4,3
107,0,-8.0,5,2.9584845829522237,4,2
107,1,-1.0,5,0.3194362920476123,4,2
107,1,-1.0,5,0.7017719170544297,4,2
107,0,-6.0,5,2.7815970829688013,4,1
107,1,6.0,6,18.22684204101097,3,1
107,0,-9.0,6,4.359056832967326,3,1
107,0,-14.0,6,0.8434889588970691,3,2
107,0,-14.0,6,3.160323333926499,3,2
107,1,6.0,6,2.413060124963522,3,1
107,1,1.0,6,10.49712583294604,3,2
107,0,-9.0,6,0.3592375409789383,3,1
107,1,1.0,6,3.2462410000152886,3,2
107,1,6.0,7,1.284449166036211,5,3
107,0,-10.0,7,5.820232916041277,5,2
107,0,-4.0,7,4.8907827499788254,5,2
107,1,12.0,7,5.415332042030059,5,3
107,0,-9.0,7,7.50757070898544,5,3
107,1,11.0,7,5.216985790990293,5,2
107,0,-8.0,7,5.620570541010238,5,3
107,1,10.0,7,2.857039749971591,5,2
108,1,-2.0,1,4.162718583014794,5,3
108,1,-4.0,1,31.21846983302385,5,2
108,0,-2.0,1,11.440919917076826,5,3
108,1,3.0,1,8.766483458108269,5,3
108,1,-2.0,1,20.06888000003528,5,3
108,0,-4.0,1,2.0861965420190245,5,2
108,0,-4.0,1,6.953980624908581,5,2
108,0,-9.0,1,8.064403916941956,5,2
108,1,2.0,2,39.49294575001113,5,2
108,0,-6.0,2,24.572769084014,5,2
108,1,1.0,2,8.126673542079516,5,3
108,0,-7.0,2,23.351438875077292,5,3
108,0,2.0,2,14.330751167028213,5,2
108,0,-5.0,2,4.227787292096764,5,3
108,1,0.0,2,1.5534402909688652,5,2
108,1,-7.0,2,3.038086959044449,5,3
108,0,-4.0,3,20.462851708987728,6,3
108,1,2.0,3,16.090838625095785,6,3
108,0,-4.0,3,4.992626124992967,6,3
108,1,7.0,3,11.15167383395601,6,3
108,1,7.0,3,10.574085791013204,6,3
108,1,1.0,3,13.171709959045984,6,3
108,1,2.0,3,13.431264540995471,6,3
108,1,1.0,3,17.56397070805542,6,3
108,1,2.0,4,19.99227895902004,6,3
108,0,-4.0,4,10.496484915958716,6,3
108,0,-1.0,4,21.719300207914785,6,3
108,0,-3.0,4,8.840685790986754,6,3
108,1,2.0,4,17.951579749933444,6,3
108,1,1.0,4,8.166923791985027,6,3
108,0,-1.0,4,16.97128237504512,6,3
108,0,-4.0,4,6.2863810419803485,6,3
108,0,-7.0,5,52.66230141709093,5,2
108,0,-10.0,5,12.221284125000238,5,2
108,1,-7.0,5,13.674698290997185,5,2
108,0,-1.0,5,17.609696416999213,5,3
108,0,-1.0,5,11.02774637506809,5,3
108,1,-1.0,5,22.29440200002864,5,3
108,1,2.0,5,6.7792512079468,5,3
108,1,-7.0,5,10.040977333090268,5,2
108,0,-1.0,6,30.69722933298908,5,3
108,1,0.0,6,7.4935419170651585,5,2
108,1,-3.0,6,10.306168082985096,5,3
108,0,4.0,6,5.335200542001985,5,3
108,1,-7.0,6,7.851003458956256,5,2
108,1,4.0,6,10.818780583911575,5,3
108,0,-2.0,6,4.2004309999756515,5,2
108,1,-7.0,6,6.400084082968533,5,2
108,1,-4.0,7,41.96226291696075,3,3
108,0,-4.0,7,12.238361000083389,3,3
108,1,1.0,7,23.87651770899538,3,1
108,1,3.0,7,2.2686958339763805,3,2
108,0,-5.0,7,6.2246718750102445,3,2
108,0,-7.0,7,11.69796449993737,3,1
109,0,-12.0,1,7.184989625005983,5,2
109,1,3.0,1,3.065139290993102,5,3
109,1,-7.0,1,14.29742104106117,5,3
109,1,-2.0,1,8.078870333964005,5,2
109,0,0.0,1,3.8034982919925824,5,2
109,0,-9.0,1,12.722395790973678,5,3
109,0,-9.0,1,1.9508719580480829,5,3
109,1,0.0,1,7.442949291085824,5,2
109,0,-1.0,2,4.2851203749887645,3,1
109,0,-1.0,2,3.9265500410692766,3,1
109,1,0.0,2,1.3306050410028547,3,2
109,1,-9.0,2,4.126011374988593,3,1
109,0,0.0,2,1.391632333048619,3,2
109,0,-10.0,2,10.768247750005685,3,2
109,1,8.0,2,0.3089468749240041,3,2
109,1,9.0,2,15.20643875002861,3,1
109,0,6.0,3,2.6728482090402395,3,2
109,0,-9.0,3,0.1660030410857871,3,2
109,0,-6.0,3,3.3058002500329167,3,1
109,1,6.0,3,1.5340486660134047,3,2
109,1,9.0,3,3.256572625017725,3,1
109,0,-6.0,3,2.286362042068504,3,1
109,0,-6.0,3,8.707925750059076,3,1
109,0,6.0,3,4.014337333035655,3,2
109,0,4.0,4,3.5301697910763323,5,2
109,1,12.0,4,2.7104084589518607,5,2
109,1,7.0,4,4.1409542500041425,5,3
109,0,6.0,4,0.0179334999993443,5,2
109,1,-1.0,4,0.3434490420622751,5,3
109,1,1.0,4,2.275025915936567,5,3
109,1,5.0,4,1.4896751249907538,5,3
109,1,10.0,4,0.8805339999962598,5,2
109,1,8.0,5,0.6747856249567121,4,2
109,1,5.0,5,0.1513369169551879,4,1
109,1,0.0,5,0.4692030829610303,4,2
109,0,3.0,5,0.4077202079351991,4,3
109,1,0.0,5,0.8624604580691084,4,2
109,0,0.0,5,0.5665574579034001,4,2
109,0,8.0,5,0.3663386659463867,4,2
109,0,8.0,5,3.1291765000205487,4,2
109,0,3.0,6,1.2017694159876555,6,3
109,0,-1.0,6,1.017474666936323,6,3
109,1,-1.0,6,0.409394041984342,6,3
109,1,2.0,6,0.3563914579572156,6,3
109,0,0.0,6,0.976593790925108,6,3
109,0,0.0,6,0.3392713749781251,6,3
109,1,2.0,6,0.3961351249599829,6,3
109,1,3.0,6,0.4683501250110566,6,3
109,0,-2.0,7,1.50978279102128,6,3
109,1,8.0,7,0.3709533750079572,6,3
109,1,-5.0,7,1.2297452091006562,6,3
109,1,8.0,7,0.6727514170343056,6,3
109,1,11.0,7,1.5363200419815255,6,3
109,1,0.0,7,0.8200126660522074,6,3
109,1,6.0,7,2.8994827090064064,6,3
109,0,-2.0,7,0.7675502080237493,6,3
110,1,-3.0,1,19.697509375051595,6,3
110,0,-3.0,1,11.338163750013337,6,3
110,1,3.0,1,11.399151834077202,6,3
110,1,2.0,1,12.0012861660216,6,3
110,0,2.0,1,26.274777084006928,6,3
110,1,3.0,1,6.892309791990556,6,3
110,0,-4.0,1,4.820441082934849,6,3
110,1,-4.0,1,7.6413620410021394,6,3
110,0,-4.0,2,25.51758929202333,5,3
110,0,-3.0,2,26.962792541016825,5,3
110,0,-12.0,2,32.623763040988706,5,2
110,0,-12.0,2,60.9457821669057,5,2
110,1,-13.0,2,9.863657708046958,5,2
110,0,-8.0,2,16.475982166011818,5,2
110,1,-4.0,2,10.2971047910396,5,3
110,1,-8.0,2,6.189586499938741,5,3
110,1,-19.0,3,11.098587457905523,5,3
110,1,-18.0,3,3.3601507919374853,5,2
110,0,-18.0,3,44.09479374997318,5,3
110,1,-9.0,3,1.911240249988623,5,2
110,1,-17.0,3,10.21736474998761,5,2
110,0,-18.0,3,10.532125167082995,5,2
110,1,-18.0,3,23.828971832990646,5,3
110,0,-27.0,3,3.2699362080311403,5,3
110,1,2.0,4,33.47600424999837,6,3
110,0,-5.0,4,8.484020375064574,6,3
110,1,2.0,4,8.195469291997142,6,3
110,0,-5.0,4,7.982579417061061,6,3
110,1,2.0,4,3.891333166975528,6,3
110,1,2.0,4,17.077876582974568,6,3
110,0,-5.0,4,5.784241124987602,6,3
110,0,-5.0,4,17.813648834009655,6,3
110,0,-1.0,5,23.9832946669776,4,2
110,1,5.0,5,15.55716870899778,4,2
110,1,9.0,5,25.236593500012532,4,2
110,1,5.0,5,2.18437279202044,4,2
110,0,-1.0,5,0.3854997089365497,4,2
110,0,0.0,5,1.1828185840277,4,3
110,0,-5.0,5,2.189051458030008,4,2
110,1,4.0,5,13.434347625006922,4,1
110,1,1.0,6,25.423263040953316,5,3
110,1,5.0,6,5.700971250073053,5,3
110,1,11.0,6,9.0868267089827,5,2
110,1,5.0,6,11.637963874964043,5,3
110,1,7.0,6,5.572189374943264,5,2
110,1,7.0,6,12.688425624975936,5,2
110,1,6.0,6,3.4761131670093164,5,2
110,1,6.0,6,9.700936458073556,5,3
110,1,14.0,7,9.2245595830027,5,3
110,1,5.0,7,5.484991000033915,5,3
110,1,13.0,7,5.118776416988112,5,2
110,0,14.0,7,14.684405457926914,5,3
110,0,0.0,7,10.636579625075685,5,2
110,1,9.0,7,6.025330916978419,5,2
110,0,0.0,7,8.88543995807413,5,2
110,1,1.0,7,3.2211181249003857,5,3
111,1,10.0,1,13.3901272501098,3,2
111,1,10.0,1,2.2789847082458436,3,2
111,0,5.0,1,2.0823342917719856,3,1
111,0,1.0,1,6.875183500000276,3,1
111,1,14.0,1,0.7407379583455622,3,2
111,0,5.0,1,2.6242162499111146,3,1
111,0,5.0,1,1.3747784583829343,3,1
111,1,10.0,1,2.1288840832421556,3,2
111,1,10.0,2,4.133532000007108,5,2
111,1,1.0,2,1.8953712083166463,5,2
111,0,-12.0,2,0.1103119166800752,5,3
111,1,1.0,2,4.8458697500173,5,2
111,0,6.0,2,3.117442833376117,5,2
111,1,-8.0,2,0.0985127915628254,5,3
111,0,-3.0,2,1.7771213749656454,5,3
111,0,-3.0,2,2.76615162496455,5,3
111,1,1.0,3,3.862172416760586,5,2
111,1,2.0,3,1.7486616666428745,5,2
111,1,-6.0,3,5.701709791785106,5,3
111,1,-6.0,3,2.513077416573651,5,3
111,0,2.0,3,0.5010444583604112,5,2
111,0,-5.0,3,3.2506585418013856,5,3
111,1,1.0,3,6.150202708435245,5,2
111,1,-5.0,3,7.604773791623302,5,3
111,0,-9.0,4,4.109938166569918,5,3
111,1,4.0,4,3.5259957916568965,5,2
111,1,-9.0,4,0.7063707916531712,5,3
111,1,-6.0,4,1.9622130416100845,5,3
111,0,7.0,4,0.610821166774258,5,2
111,1,-5.0,4,1.3777326667914167,5,2
111,1,7.0,4,1.8341373750008645,5,2
111,1,3.0,4,0.5619618333876133,5,3
111,1,0.0,5,5.46325174998492,3,2
111,0,-9.0,5,3.977310708374716,3,1
111,1,-7.0,5,3.4665323750814423,3,1
111,0,-9.0,5,0.2583879582816735,3,3
111,0,-2.0,5,0.4434929999988526,3,2
111,1,-9.0,5,1.1811800415161997,3,3
111,0,2.0,6,6.562879375065677,6,3
111,1,1.0,6,0.9757295832969248,6,3
111,0,6.0,6,0.5874659999972209,6,3
111,1,5.0,6,0.2218297499930486,6,3
111,1,6.0,6,0.7055870415642858,6,3
111,1,1.0,6,6.167869166587479,6,3
111,1,3.0,6,1.3051007081521675,6,3
111,1,4.0,6,5.639742208411917,6,3
111,1,-2.0,7,2.4643684583716094,3,2
111,1,9.0,7,1.3777499999850988,3,1
111,0,9.0,7,0.8789148334180936,3,1
111,1,11.0,7,0.850149208214134,3,2
111,0,-4.0,7,1.3714927915716544,3,1
111,1,-2.0,7,0.6594347916543484,3,2
111,1,7.0,7,0.8582783750025555,3,3
113,1,1.0,1,16.544949540984817,2,1
113,0,-6.0,1,4.512906415970065,2,2
113,0,-7.0,1,1.070014207973145,2,1
113,1,1.0,1,7.161886542104185,2,1
113,0,-7.0,1,3.077405083924532,2,1
113,0,-7.0,1,2.048711417010054,2,1
113,1,1.0,1,4.262192249996588,2,1
113,0,4.0,2,6.597624249989167,3,1
113,0,-1.0,2,7.85979649994988,3,2
113,1,4.0,2,1.953077791957185,3,1
113,0,-9.0,2,1.457680999999866,3,2
113,1,-9.0,2,6.114788833074272,3,2
113,0,-9.0,2,3.7024967500474304,3,2
113,1,4.0,2,0.6068211669335142,3,1
113,0,-4.0,2,7.364240666967817,3,1
113,0,0.0,3,4.785282915923744,4,2
113,0,0.0,3,1.6167775000212714,4,2
113,0,0.0,3,6.479659083997831,4,2
113,1,6.0,3,1.388225584058091,4,2
113,1,1.0,3,10.375034458003938,4,2
113,0,-5.0,3,14.769500542082824,4,2
113,0,1.0,3,1.033396500046365,4,2
113,1,1.0,3,4.697648083092645,4,2
113,1,7.0,4,1.1928892920259386,1,1
113,1,7.0,4,4.348825666937046,1,1
113,1,7.0,4,2.726367582916282,1,1
113,1,7.0,4,0.3405817080056295,1,1
113,0,-7.0,5,6.865040999953635,2,1
113,1,-7.0,5,3.531796459108591,2,1
113,1,-8.0,5,1.361399665940553,2,1
113,0,-8.0,5,1.5053846660302952,2,1
113,0,-8.0,5,3.49068620800972,2,1
113,0,-7.0,5,3.321417084080167,2,1
113,0,-7.0,5,7.841273959027603,2,1
113,0,-8.0,5,0.9296420000027864,2,1
113,0,-2.0,6,2.5852706249570474,3,2
113,0,4.0,6,7.171700541977771,3,1
113,0,-6.0,6,0.98726479196921,3,1
113,0,-13.0,6,8.898051833035424,3,2
113,0,-13.0,6,1.0425212080590427,3,2
113,1,-3.0,6,5.082920374930836,3,2
113,1,4.0,6,7.235050208051689,3,1
113,0,-7.0,6,3.483419041032903,3,1
113,1,-12.0,7,6.2217257500160486,3,2
113,1,-7.0,7,11.751644957927056,3,1
113,0,-11.0,7,0.9304670830024406,3,2
113,1,-12.0,7,0.4218693339498713,3,2
113,1,-12.0,7,7.915533624938689,3,2
113,0,-6.0,7,1.2819223750848323,3,1
113,0,-6.0,7,0.0136839170008897,3,1
113,0,-6.0,7,0.6197520410642028,3,1
114,1,1.0,1,33.667738749994896,6,3
114,0,-3.0,1,8.206451624981128,6,3
114,0,-1.0,1,11.47333275002893,6,3
114,0,-1.0,1,12.18920504162088,6,3
114,1,3.0,1,10.526956000016073,6,3
114,1,1.0,1,16.171504208468832,6,3
114,1,1.0,1,5.449646708322689,6,3
114,0,-1.0,1,6.595878249965608,6,3
114,1,9.0,2,6.82990379165858,6,3
114,1,5.0,2,31.0537340833107,6,3
114,1,6.0,2,27.863988541648723,6,3
114,1,5.0,2,5.954018875025213,6,3
114,0,0.0,2,9.730553166824391,6,3
114,1,14.0,2,4.312130666803569,6,3
114,1,9.0,2,10.208125208271667,6,3
114,1,8.0,2,5.6195704999845475,6,3
114,0,-2.0,3,18.227773000020537,6,3
114,0,-7.0,3,10.098824666580184,6,3
114,1,1.0,3,9.446413166704588,6,3
114,1,6.0,3,10.509371333406309,6,3
114,1,1.0,3,3.7879821667447686,6,3
114,0,-4.0,3,13.084158208221195,6,3
114,0,-2.0,3,5.497897749999538,6,3
114,1,3.0,3,7.488231458351947,6,3
114,1,1.0,4,10.514569833292626,6,3
114,0,-2.0,4,20.420276666642167,6,3
114,0,-2.0,4,6.8318524999776855,6,3
114,0,-1.0,4,8.837861916748807,6,3
114,0,-2.0,4,16.814623249927536,6,3
114,0,-4.0,4,12.03279845835641,6,3
114,0,-1.0,4,10.160036874935033,6,3
114,0,-1.0,4,7.920833125011995,6,3
114,1,1.0,5,12.997330000041984,6,3
114,0,-4.0,5,13.0829655417474,6,3
114,1,1.0,5,7.022147999959998,6,3
114,1,2.0,5,6.278813083306886,6,3
114,1,2.0,5,11.19883987493813,6,3
114,0,-4.0,5,8.331277500023134,6,3
114,0,-3.0,5,11.6724343332462,6,3
114,0,-3.0,5,7.320082374964841,6,3
114,1,2.0,6,8.105194624979049,6,3
114,1,2.0,6,10.530210583354346,6,3
114,1,7.0,6,4.186821958399378,6,3
114,1,4.0,6,3.1301509583136067,6,3
114,1,2.0,6,4.821315791807137,6,3
114,1,7.0,6,4.035375874955207,6,3
114,1,7.0,6,3.885605124989525,6,3
114,1,5.0,6,5.309367541689426,6,3
114,1,5.0,7,8.425720000057481,6,3
114,0,-1.0,7,11.738876833347604,6,3
114,1,1.0,7,12.865179458167404,6,3
114,1,1.0,7,9.730477374978364,6,3
114,0,-5.0,7,8.404446458327584,6,3
114,1,1.0,7,6.218034291639924,6,3
114,0,-1.0,7,4.723450416699052,6,3
114,0,-1.0,7,6.121797916828655,6,3
115,1,7.0,1,25.705457041971385,3,2
115,1,7.0,1,29.119179707951844,3,2
115,1,7.0,1,12.978848750004545,3,1
115,0,7.0,1,5.315360040985979,3,1
115,1,7.0,1,24.048166417051107,3,2
115,1,16.0,1,5.786879291990772,3,2
115,0,-2.0,1,6.325803000014275,3,1
115,1,7.0,1,7.194063166971318,3,1
115,0,2.0,2,20.745578415924683,3,1
115,0,0.0,2,21.130387166980658,3,2
115,1,0.0,2,6.149086209014058,3,2
115,1,11.0,2,12.83318558393512,3,2
115,0,-9.0,2,11.032926958985628,3,1
115,1,2.0,2,6.6521204999880865,3,1
115,1,0.0,2,5.958648375002667,3,2
115,1,2.0,2,14.208450875012204,3,1
115,1,3.0,3,15.62401587504428,4,3
115,1,7.0,3,29.855264417012226,4,2
115,1,9.0,3,7.327364791999571,4,1
115,0,5.0,3,1.7428982499986887,4,2
115,0,-2.0,3,7.290703292004764,4,1
115,0,-4.0,3,4.336333584040403,4,2
115,1,14.0,3,2.684553208993748,4,3
115,1,16.0,3,0.9928499589441344,4,2
115,1,13.0,4,9.838919541914947,4,2
115,0,-6.0,4,1.800940915942192,4,2
115,1,5.0,4,23.199404833023436,4,1
115,0,2.0,4,12.241688625072127,4,3
115,1,0.0,4,6.217185499961488,4,2
115,1,7.0,4,3.431454792036675,4,2
115,1,13.0,4,1.7450309590203688,4,2
115,0,-6.0,4,4.27505850000307,4,2
115,1,10.0,5,8.862919249921106,5,2
115,0,0.0,5,5.273671415983699,5,2
115,0,0.0,5,17.14661041693762,5,2
115,1,1.0,5,2.352703374926932,5,3
115,1,6.0,5,6.897697833017446,5,2
115,0,-9.0,5,1.7090201659593731,5,3
115,0,-5.0,5,3.0334230840671808,5,3
115,0,1.0,5,4.326878125080839,5,3
115,1,-8.0,6,1.6486132920254022,3,1
115,0,-8.0,6,6.277220999938436,3,1
115,1,-2.0,6,1.0048041659174487,3,1
115,1,-2.0,6,1.5446444579865783,3,1
115,1,-4.0,6,1.1505564999533815,3,2
115,1,-10.0,6,3.3806305000325665,3,2
115,0,-10.0,6,1.1311292910249904,3,2
115,1,-4.0,6,0.8716707499697804,3,2
115,1,1.0,7,12.153263207990676,6,3
115,0,5.0,7,4.957723333034664,6,3
115,1,3.0,7,20.385530209052376,6,3
115,0,3.0,7,2.9089716660091653,6,3
115,1,5.0,7,5.440118083031848,6,3
115,1,3.0,7,7.17319987504743,6,3
115,1,3.0,7,20.460362375015393,6,3
115,1,1.0,7,6.240918874973431,6,3
116,0,-6.0,1,36.40852645796258,5,2
116,0,-6.0,1,6.3512243329314515,5,2
116,0,0.0,1,61.159803041955456,5,3
116,1,0.0,1,26.768211083021015,5,3
116,1,0.0,1,45.682613332988694,5,2
116,0,0.0,1,4.575419208034873,5,3
116,1,-6.0,1,11.33304287493229,5,2
116,0,-6.0,1,1.8497514999471605,5,3
116,0,4.0,2,7.0729508340591565,5,3
116,0,-5.0,2,12.49921662500128,5,3
116,0,-8.0,2,31.707161916885525,5,2
116,1,4.0,2,29.81889737502206,5,3
116,1,4.0,2,14.259572041919457,5,3
116,0,-8.0,2,10.671904999995604,5,2
116,1,1.0,2,31.198161417036317,5,2
116,0,-8.0,2,11.72599966695998,5,2
116,1,-6.0,3,36.96781354106497,5,2
116,1,10.0,3,10.451914958888665,5,3
116,0,0.0,3,12.827501707943156,5,3
116,1,-6.0,3,26.03446949995123,5,2
116,0,-1.0,3,4.764671207987703,5,3
116,1,10.0,3,14.081840667058714,5,3
116,1,5.0,3,16.594895457965322,5,2
116,1,4.0,3,13.079513208009304,5,2
116,0,-1.0,4,38.13608695799485,4,1
116,1,7.0,4,10.99285083299037,4,3
116,1,0.0,4,53.16147337493021,4,2
116,1,7.0,4,6.542615459067747,4,3
116,1,0.0,4,55.710994916036725,4,2
116,1,6.0,4,10.900822125026025,4,2
116,1,6.0,4,14.160994125064462,4,2
116,0,-1.0,4,30.18272020795848,4,1
116,0,15.0,5,26.949847000068985,6,3
116,1,-1.0,5,30.63735495798755,6,3
116,0,-7.0,5,11.25188779097516,6,3
116,0,-10.0,5,18.071415374986827,6,3
116,1,18.0,5,7.865392875042744,6,3
116,0,15.0,5,25.915246332995594,6,3
116,0,9.0,5,5.237419082899578,6,3
116,0,-7.0,5,23.57500908302609,6,3
116,1,4.0,6,84.08818441699259,6,3
116,0,0.0,6,53.716488917008974,6,3
116,0,-3.0,6,30.335439749993384,6,3
116,0,1.0,6,30.24083475000225,6,3
116,0,-4.0,6,55.789463542052545,6,3
116,0,0.0,6,16.169065332971513,6,3
116,1,5.0,6,45.309584917034954,6,3
116,1,1.0,6,47.73156525008381,6,3
116,0,-1.0,7,83.23389812500682,4,2
116,1,8.0,7,33.31862162507605,4,1
116,0,7.0,7,25.75464070797898,4,1
116,0,8.0,7,59.34695058304351,4,1
116,0,-7.0,7,39.00034604105167,4,3
116,0,-8.0,7,24.39120554202236,4,3
116,0,1.0,7,50.33835962496232,4,2
116,0,-8.0,7,13.667119416058997,4,3
117,0,-5.0,1,10.883506458019838,4,1
117,1,7.0,1,12.2591008329764,4,3
117,1,3.0,1,2.6702032920438796,4,3
117,0,-5.0,1,6.86613754206337,4,1
117,0,0.0,1,12.868410875089468,4,2
117,1,7.0,1,1.4376003749202937,4,3
117,1,2.0,1,0.9891647500917315,4,2
117,0,-1.0,1,4.437147167045623,4,1
117,0,-7.0,2,4.793305583996698,4,2
117,1,-4.0,2,3.566961041186005,4,1
117,0,4.0,2,12.79412666684948,4,2
117,0,-8.0,2,2.8598915829788893,4,1
117,0,-7.0,2,3.176030083093792,4,2
117,1,5.0,2,7.407914124894887,4,3
117,0,1.0,2,7.440494915936142,4,3
117,1,4.0,2,2.4296570408623666,4,2
117,1,7.0,3,7.469988957978785,5,2
117,0,2.0,3,9.149989708093926,5,3
117,1,2.0,3,7.411637665936723,5,3
117,1,10.0,3,2.664020041935146,5,3
117,0,-1.0,3,3.013726333156228,5,2
117,0,8.0,3,15.52345791598782,5,3
117,1,1.0,3,6.372371207922697,5,2
117,1,7.0,3,1.5251602921634912,5,2
117,1,1.0,4,22.60261525004171,5,3
117,1,3.0,4,25.30107062496245,5,2
117,0,7.0,4,12.857286459067836,5,2
117,1,1.0,4,2.6800621249713004,5,3
117,0,-3.0,4,4.517508666962385,5,3
117,1,7.0,4,9.882086500059811,5,2
117,0,-3.0,4,0.549345999956131,5,3
117,1,3.0,4,1.2724917088635266,5,2
117,0,1.0,5,10.886277707992122,6,3
117,1,-5.0,5,2.978840042138472,6,3
117,0,6.0,5,6.642352417111397,6,3
117,1,-1.0,5,2.735191958025098,6,3
117,0,2.0,5,4.915327334078029,6,3
117,1,-1.0,5,4.51476658298634,6,3
117,1,2.0,5,1.4022950001526624,6,3
117,1,0.0,5,2.0280460419598967,6,3
117,0,-2.0,6,7.068049333058298,6,3
117,0,-3.0,6,6.792015083832666,6,3
117,1,-4.0,6,5.223395250039175,6,3
117,0,-3.0,6,3.069318958092481,6,3
117,0,-3.0,6,3.134465541923418,6,3
117,0,-4.0,6,3.556453709024936,6,3
117,0,-5.0,6,1.751625791890547,6,3
117,0,-4.0,6,1.9887436667922884,6,3
117,1,1.0,7,7.990656290901825,6,3
117,0,3.0,7,1.7872456670738757,6,3
117,1,5.0,7,2.763515207916498,6,3
117,1,1.0,7,5.0516157920937985,6,3
117,1,5.0,7,1.9674489998724312,6,3
117,1,3.0,7,1.6616088340524584,6,3
117,0,1.0,7,0.7814654158428311,6,3
117,1,5.0,7,3.0491480838973075,6,3
118,1,2.0,1,17.42345712496899,5,2
118,1,1.0,1,14.209330167155713,5,3
118,0,-4.0,1,10.012588582932947,5,2
118,0,-4.0,1,4.36704312521033,5,2
118,0,-5.0,1,3.3294271249324083,5,3
118,1,1.0,1,16.28990091686137,5,3
118,0,-2.0,1,10.30783583316952,5,2
118,0,-1.0,1,9.804087583906949,5,3
118,0,2.0,2,18.561785416910425,5,2
118,0,-5.0,2,15.368631707970051,5,3
118,1,-2.0,2,13.652239332906902,5,3
118,1,2.0,2,7.250959000084549,5,2
118,1,-1.0,2,12.789561999961734,5,2
118,0,-5.0,2,12.331255791941658,5,3
118,0,-5.0,2,11.965316249988971,5,3
118,1,2.0,2,8.427871792111546,5,2
118,0,1.0,3,16.982401750050485,5,3
118,0,2.0,3,17.442537209019065,5,2
118,1,2.0,3,19.735091750044376,5,2
118,1,-1.0,3,9.805347916902974,5,2
118,0,-7.0,3,0.8129454581066966,5,3
118,0,-10.0,3,8.813332249876112,5,3
118,1,-9.0,3,20.525390999857336,5,2
118,0,-10.0,3,3.4979097079485655,5,3
118,1,11.0,4,24.104879916878417,5,2
118,1,5.0,4,12.563955582911149,5,2
118,1,5.0,4,9.55982149997726,5,3
118,1,4.0,4,9.858170750085264,5,3
118,1,6.0,4,10.004674291005358,5,2
118,1,5.0,4,9.843965291976929,5,2
118,0,-1.0,4,11.613055207999423,5,3
118,0,5.0,4,10.267218082910404,5,3
118,0,-4.0,5,14.472967916168272,6,3
118,1,0.0,5,32.34563187509775,6,3
118,1,0.0,5,15.48782066698186,6,3
118,0,2.0,5,5.966604333836585,6,3
118,1,6.0,5,7.434939791914076,6,3
118,1,0.0,5,10.856216750107706,6,3
118,0,2.0,5,9.338756249984726,6,3
118,0,2.0,5,5.429793833056465,6,3
118,0,-1.0,6,11.283762458944691,5,3
118,1,7.0,6,1.5062583750113845,5,2
118,1,7.0,6,1.2186193750239909,5,2
118,1,4.0,6,3.403420041082427,5,3
118,0,2.0,6,3.1921332920901477,5,2
118,0,-1.0,6,3.924914208007976,5,3
118,1,5.0,6,0.4237280420493334,5,2
118,0,1.0,6,0.7061553329695016,5,3
118,1,2.0,7,9.256175499875098,5,2
118,0,-3.0,7,4.323566500097513,5,3
118,1,2.0,7,4.266422374872491,5,2
118,0,-4.0,7,5.264287500176579,5,2
118,0,-3.0,7,2.5135684590786695,5,3
118,0,-3.0,7,0.6345050418749452,5,3
118,1,2.0,7,1.6962060830555856,5,2
118,1,3.0,7,1.86171295796521,5,3
119,1,3.0,1,11.335592957912011,3,2
119,0,-2.0,1,6.53906058287248,3,2
119,0,-2.0,1,13.0729735000059,3,2
119,1,2.0,1,2.241690833121538,3,1
119,1,2.0,1,5.565580290975049,3,1
119,1,2.0,1,5.956377957947552,3,1
119,0,-3.0,1,3.3413581249769777,3,1
119,0,-2.0,1,3.014820500044152,3,2
119,0,10.0,2,5.481511708116159,5,2
119,0,3.0,2,5.321933750063181,5,3
119,0,-3.0,2,9.985274583101273,5,3
119,1,16.0,2,4.257110208971426,5,2
119,1,11.0,2,1.845184792065993,5,2
119,0,3.0,2,7.722794457804412,5,3
119,0,2.0,2,9.894512166036291,5,3
119,1,10.0,2,8.0845186249353,5,2
119,1,5.0,3,5.449447999941185,3,1
119,1,8.0,3,1.8451766250655055,3,1
119,1,8.0,3,0.4486947499681264,3,1
119,0,3.0,3,1.878378874855116,3,2
119,0,3.0,3,0.417026124894619,3,2
119,1,6.0,3,1.4143717498518529,3,2
119,0,3.0,3,0.8436330419499427,3,2
119,1,8.0,3,0.4599133748561144,3,1
119,1,2.0,4,6.970347000053152,5,3
119,1,5.0,4,0.9412903340999036,5,2
119,1,2.0,4,0.8713591669220477,5,3
119,1,10.0,4,6.566733625018969,5,3
119,1,13.0,4,1.8732384589966389,5,2
119,1,10.0,4,6.732054791878909,5,2
119,1,13.0,4,5.929588624974713,5,2
119,1,5.0,4,2.2393289578612894,5,3
119,1,5.0,5,2.386208541924134,3,2
119,1,8.0,5,5.765923250000924,3,1
119,1,5.0,5,1.4727825419977307,3,2
119,0,5.0,5,10.828728625085205,3,2
119,0,8.0,5,5.995405999943614,3,1
119,1,8.0,5,5.02746191713959,3,1
119,0,8.0,5,2.3226409589406103,3,1
119,1,5.0,5,7.601482124999165,3,2
119,1,9.0,6,0.913111750036478,2,1
119,1,9.0,6,1.9675482499878856,2,1
119,0,5.0,6,1.3614590000361204,2,1
119,1,9.0,6,3.777262915857136,2,1
119,0,5.0,6,2.150622625136748,2,1
119,0,5.0,6,2.6246920418925583,2,1
119,0,5.0,6,1.6683530830778182,2,1
119,1,9.0,6,5.377789083868265,2,1
119,0,-5.0,7,3.1608024169690907,5,2
119,0,-5.0,7,10.124778083059937,5,2
119,1,-5.0,7,7.8777170409448445,5,2
119,1,-2.0,7,4.124851249856874,5,3
119,0,-2.0,7,6.68713766685687,5,3
119,0,-2.0,7,7.063101082807407,5,3
119,0,-4.0,7,5.957133458927274,5,3
119,1,-3.0,7,5.482392292004079,5,2
120,1,12.0,1,2.8450680000241846,5,2
120,1,10.0,1,16.09292145888321,5,3
120,0,0.0,1,8.117281457874924,5,2
120,1,12.0,1,2.5409377079922706,5,2
120,0,-2.0,1,6.332581291906536,5,3
120,1,7.0,1,12.137669584015384,5,2
120,1,3.0,1,20.027120999991897,5,3
120,0,-2.0,1,6.868099209154025,5,3
120,1,4.0,2,4.03325695800595,3,1
120,0,-5.0,2,6.232474833028391,3,2
120,0,4.0,2,14.918473416939378,3,1
120,0,7.0,2,9.679018165916204,3,2
120,0,-1.0,2,12.451020957902074,3,3
120,0,-5.0,2,17.258078583981842,3,2
120,0,-8.0,2,23.101165249943733,3,1
120,1,9.0,3,9.852818500017747,4,1
120,0,15.0,3,16.862537416862324,4,3
120,1,8.0,3,14.421633957885206,4,1
120,1,15.0,3,26.85265575000085,4,3
120,1,16.0,3,3.2834130411501974,4,2
120,1,14.0,3,2.9412572500295937,4,3
120,0,8.0,3,7.167183042038232,4,1
120,0,7.0,3,10.193868917180223,4,2
120,0,9.0,4,21.687400332884863,4,1
120,1,8.0,4,4.078689499991015,4,3
120,0,4.0,4,12.765927790896969,4,1
120,1,3.0,4,6.319382415851578,4,3
120,0,0.0,4,21.506427499931306,4,2
120,1,12.0,4,1.0761277920100838,4,2
120,1,3.0,4,1.5221241670660677,4,3
120,1,9.0,4,1.8880114590283483,4,1
120,1,1.0,5,11.512078708969057,2,2
120,1,-5.0,5,2.480357584077865,2,1
120,1,1.0,5,9.442764082923532,2,2
120,0,6.0,5,3.3775281668640673,2,1
120,1,-5.0,5,3.752007625065744,2,1
120,1,6.0,5,4.867697000037879,2,1
120,1,-2.0,6,9.23407074995339,2,1
120,1,2.0,6,2.41355691710487,2,1
120,1,-2.0,6,4.295511875068769,2,1
120,0,2.0,6,3.7856679160613567,2,1
120,1,2.0,6,2.1084789999295026,2,1
120,1,-2.0,6,3.911855167010799,2,1
120,1,-2.0,6,2.944437582977116,2,1
120,0,2.0,6,9.297521999804305,2,1
120,1,0.0,7,2.356830958975479,3,2
120,1,9.0,7,4.776214125100523,3,1
120,1,4.0,7,5.8242426661308855,3,1
120,1,9.0,7,0.8216709580738097,3,3
120,0,0.0,7,1.815431041875854,3,2
120,1,9.0,7,0.764087500050664,3,1
120,1,5.0,7,0.0719114581588655,3,2
122,1,-6.0,1,14.46251254202798,4,2
122,1,0.0,1,2.401650291867554,4,3
122,0,-6.0,1,5.128558542113751,4,2
122,0,-8.0,1,4.120517915813252,4,1
122,0,-6.0,1,4.948804625077173,4,2
122,0,-2.0,1,9.432623958215116,4,2
122,0,-2.0,1,10.07149775000289,4,2
122,1,-2.0,1,9.584993042051792,4,2
122,0,-1.0,2,17.270169334020466,4,3
122,0,-1.0,2,13.776339208940044,4,2
122,0,-9.0,2,9.113440416986125,4,2
122,0,1.0,2,7.295969333965331,4,1
122,1,9.0,2,15.750260666012764,4,2
122,1,6.0,2,7.419093000004068,4,2
122,0,1.0,2,2.559630832867697,4,2
122,0,-6.0,2,24.724316083826125,4,2
122,1,6.0,3,15.45941258314997,3,1
122,1,6.0,3,3.3954597080592066,3,1
122,0,0.0,3,9.43464408395812,3,2
122,1,6.0,3,3.472166874911636,3,3
122,1,0.0,3,4.2081847079098225,3,2
122,1,6.0,3,4.095894958823919,3,1
122,0,0.0,3,3.8389424588531256,3,2
122,1,2.0,4,3.2725292921531945,4,2
122,0,5.0,4,3.593986833933741,4,2
122,0,6.0,4,1.6032352920155972,4,2
122,1,2.0,4,3.9819540828466415,4,2
122,0,3.0,4,2.1074580419808626,4,2
122,0,6.0,4,1.9011217500083148,4,2
122,0,2.0,4,1.967278291936964,4,2
122,1,6.0,4,5.709816375048831,4,2
122,0,-5.0,5,15.866053042002022,5,3
122,1,-2.0,5,8.048778916941956,5,3
122,1,-8.0,5,10.293735542101786,5,2
122,0,-3.0,5,14.112775542074814,5,3
122,1,-3.0,5,5.153217833023518,5,3
122,0,-5.0,5,2.0642014578916132,5,2
122,0,-7.0,5,1.7093943329527974,5,2
122,1,-7.0,5,3.198448000010103,5,2
122,0,-1.0,6,8.50073429197073,4,2
122,0,-9.0,6,12.821305874967948,4,1
122,0,0.0,6,14.576413000002503,4,2
122,1,0.0,6,0.6051915842108428,4,2
122,1,0.0,6,13.562532166019082,4,2
122,1,-1.0,6,6.999979833839461,4,2
122,1,-1.0,6,10.6785312499851,4,2
122,1,8.0,6,5.0400567499455065,4,3
122,1,6.0,7,3.6978589999489486,6,3
122,1,5.0,7,3.9416889171116054,6,3
122,1,5.0,7,1.723421375034377,6,3
122,1,4.0,7,6.162160167004913,6,3
122,1,3.0,7,5.554009082959965,6,3
122,1,4.0,7,4.394475916866213,6,3
122,1,5.0,7,2.3360122081357986,6,3
122,1,4.0,7,2.0246058749035,6,3
123,0,-2.0,1,26.477677040966228,6,3
123,0,-1.0,1,14.206396458903328,6,3
123,0,-1.0,1,19.23182424996048,6,3
123,0,-6.0,1,15.666507042013109,6,3
123,1,2.0,1,3.4547302920836955,6,3
123,1,1.0,1,6.95364566706121,6,3
123,1,1.0,1,10.950462999986485,6,3
123,1,6.0,1,7.036587374983355,6,3
123,1,1.0,2,41.02251833397895,6,3
123,1,4.0,2,14.927677457919344,6,3
123,1,2.0,2,7.5742546250112355,6,3
123,1,1.0,2,18.315085959155113,6,3
123,1,1.0,2,17.716699542012066,6,3
123,0,-2.0,2,12.110065459040923,6,3
123,1,1.0,2,13.744707208825275,6,3
123,1,0.0,2,11.688576250104234,6,3
123,0,-15.0,3,12.51398149994202,6,3
123,0,-7.0,3,19.294112917035815,6,3
123,0,-9.0,3,14.129019957967104,6,3
123,0,-3.0,3,8.99879812519066,6,3
123,0,-5.0,3,12.789615083951505,6,3
123,1,3.0,3,8.352114291861653,6,3
123,1,3.0,3,5.418852708069608,6,3
123,0,-15.0,3,9.72890654206276,6,3
123,0,-3.0,4,23.368734083138406,6,3
123,1,8.0,4,13.750884958077222,6,3
123,1,1.0,4,12.650485333055258,6,3
123,0,-2.0,4,11.569143375148997,6,3
123,1,4.0,4,6.104094041045755,6,3
123,1,7.0,4,6.313363959081471,6,3
123,1,4.0,4,6.069152166834101,6,3
123,1,1.0,4,7.088504125131294,6,3
123,0,-1.0,5,14.129086249973623,6,3
123,1,-1.0,5,17.026475749909878,6,3
123,1,4.0,5,10.396418625023216,6,3
123,0,-1.0,5,4.477957875002176,6,3
123,1,4.0,5,6.257346959086135,6,3
123,0,-1.0,5,6.542368207825348,6,3
123,1,4.0,5,4.416044584009796,6,3
123,0,4.0,5,8.392031749943271,6,3
123,0,12.0,6,7.784880542196333,6,3
123,1,14.0,6,8.912348916986957,6,3
123,1,1.0,6,9.715371249942107,6,3
123,0,2.0,6,8.319504375103861,6,3
123,0,11.0,6,9.366123208077624,6,3
123,0,-1.0,6,5.585863874992356,6,3
123,1,2.0,6,5.654553625034168,6,3
123,0,11.0,6,6.761225667083636,6,3
123,0,-5.0,7,15.696771249873564,6,3
123,0,-4.0,7,9.955158083001152,6,3
123,0,-6.0,7,5.556648875121027,6,3
123,1,-4.0,7,8.735018665902317,6,3
123,0,-5.0,7,7.0773467919789255,6,3
123,0,-3.0,7,4.421282749855891,6,3
123,0,-6.0,7,6.476491458946839,6,3
123,0,-3.0,7,5.274215249810368,6,3
124,0,-8.0,1,13.124133249977604,2,1
124,0,-8.0,1,16.362729375017807,2,1
124,1,8.0,1,1.1109989578835666,2,1
124,1,8.0,1,11.498573541874066,2,1
124,1,0.0,1,18.16091166716069,2,2
124,1,0.0,1,13.47247991594486,2,2
124,1,10.0,2,2.238561083097011,2,2
124,1,3.0,2,4.033769958885387,2,1
124,1,7.0,2,7.132986375130713,2,1
124,1,10.0,2,5.735667374916375,2,2
124,1,10.0,2,5.2894963750150055,2,2
124,0,-3.0,3,6.545694708824158,4,3
124,0,-3.0,3,7.308635916095227,4,3
124,1,-4.0,3,9.900320040993392,4,2
124,1,2.0,3,2.789628833066672,4,1
124,1,3.0,3,4.2266749169211835,4,2
124,1,2.0,3,3.519008707953617,4,1
124,0,-12.0,3,3.6820382501464337,4,2
124,1,11.0,3,2.235402249963954,4,2
124,0,7.0,4,8.310899875126779,4,2
124,0,-6.0,4,6.408277708105743,4,2
124,1,-6.0,4,10.529806750128046,4,2
124,1,7.0,4,8.225823082961142,4,2
124,0,-6.0,4,3.615686791948974,4,2
124,0,-6.0,4,2.454181208042428,4,2
124,0,7.0,4,11.626942625036463,4,2
124,0,7.0,4,14.836981457890944,4,2
124,1,8.0,5,4.635152000002563,4,2
124,1,-2.0,5,5.348868540953845,4,2
124,0,-3.0,5,11.057337084086612,4,1
124,1,-3.0,5,3.6594973751343782,4,1
124,1,-10.0,5,9.544286333024502,4,2
124,1,0.0,5,9.31425595912151,4,2
124,1,1.0,5,4.258673999924213,4,3
124,0,1.0,5,0.680463416967541,4,3
124,1,-1.0,6,13.443162499926984,4,3
124,1,1.0,6,6.493093915982172,4,2
124,1,2.0,6,13.526903874939308,4,2
124,1,5.0,6,25.87230516690761,4,1
124,1,3.0,6,14.783575458917769,4,2
124,0,-1.0,6,2.9215352081228048,4,3
124,0,2.0,6,10.300624124938622,4,2
124,0,5.0,6,12.475790333002806,4,1
124,0,2.0,7,11.382161292014644,4,1
124,1,1.0,7,12.895168792223558,4,1
124,1,6.0,7,4.0510471251327544,4,2
124,0,-3.0,7,10.007566415937616,4,2
124,0,-6.0,7,15.985862874891607,4,2
124,0,-1.0,7,19.262777084019035,4,3
124,0,3.0,7,8.053591957781464,4,2
124,0,-2.0,7,11.218154500005769,4,3
125,1,7.0,1,5.12133300001733,3,2
125,0,7.0,1,12.125878915889189,3,2
125,1,18.0,1,13.975662958808243,3,2
125,1,9.0,1,1.5288555000443012,3,1
125,0,-2.0,1,2.3238957091234624,3,1
125,1,18.0,1,3.250751999905333,3,2
125,0,-2.0,1,4.781949875177816,3,1
125,1,9.0,1,3.084692707983777,3,1
125,1,5.0,2,26.69488462503068,6,3
125,0,-1.0,2,30.127478166949004,6,3
125,0,-2.0,2,9.393135708989576,6,3
125,1,4.0,2,14.276609749998896,6,3
125,1,5.0,2,11.181667750002816,6,3
125,1,5.0,2,16.033803374972194,6,3
125,1,-2.0,2,2.8827055420260876,6,3
125,0,-2.0,2,2.8068969170562923,6,3
125,1,0.0,3,18.75997016695328,5,2
125,1,5.0,3,33.31555170798674,5,2
125,1,7.0,3,35.453000207897276,5,3
125,1,11.0,3,20.13132212497294,5,2
125,0,-4.0,3,10.956364249810576,5,3
125,1,18.0,3,13.231137291993946,5,3
125,0,2.0,3,25.412483249790967,5,3
125,0,-11.0,3,22.093488583806906,5,2
125,1,2.0,4,17.429053749889135,6,3
125,1,2.0,4,18.7113089999184,6,3
125,1,-6.0,4,21.405234166886657,6,3
125,0,2.0,4,19.06720058294013,6,3
125,1,10.0,4,2.0342225830536336,6,3
125,0,-4.0,4,22.952045749872923,6,3
125,1,8.0,4,2.4530871661845595,6,3
125,1,2.0,4,4.592756083002314,6,3
125,1,1.0,5,42.69733233307488,6,3
125,0,-6.0,5,6.160835792077705,6,3
125,1,-4.0,5,22.507979166926816,6,3
125,0,-4.0,5,27.788370166905224,6,3
125,0,0.0,5,16.20169466594234,6,3
125,1,-5.0,5,13.496241957880557,6,3
125,1,-1.0,5,38.3814496670384,6,3
125,0,-1.0,5,8.537806290900335,6,3
125,0,2.0,6,27.261609832989052,6,3
125,1,-19.0,6,32.793436917010695,6,3
125,1,-19.0,6,17.719269207911566,6,3
125,0,5.0,6,11.008105541812256,6,3
125,0,-3.0,6,24.554261124925688,6,3
125,0,-14.0,6,14.637280416907744,6,3
125,0,-22.0,6,25.168902290984988,6,3
125,1,2.0,6,5.71123724989593,6,3
125,0,-8.0,7,9.399167417082936,6,3
125,0,-12.0,7,3.6365219159051776,6,3
125,0,-20.0,7,20.317237291950732,6,3
125,0,-2.0,7,16.80020416714251,6,3
125,0,-18.0,7,14.59953225008212,6,3
125,0,-2.0,7,23.84700979082845,6,3
125,0,0.0,7,17.31469912501052,6,3
125,1,-18.0,7,13.953320665983483,6,3
126,0,6.0,1,15.031035791849716,4,2
126,0,0.0,1,6.397403499810025,4,2
126,1,9.0,1,3.836166833993047,4,1
126,1,6.0,1,1.4415675001218915,4,2
126,1,4.0,1,0.6047304591629654,4,2
126,0,1.0,1,2.9008276669774204,4,3
126,0,4.0,1,2.599116000114009,4,2
126,1,10.0,1,0.5078011250589043,4,2
126,1,2.0,2,3.262173834023997,5,3
126,0,3.0,2,4.494048124877736,5,2
126,0,4.0,2,4.392171416897327,5,2
126,1,4.0,2,2.568537084152922,5,2
126,0,-2.0,2,6.884249666938558,5,3
126,1,7.0,2,5.504129500128329,5,2
126,1,1.0,2,3.49060345813632,5,3
126,1,1.0,2,2.8924131661187857,5,3
126,1,1.0,3,23.21593016711995,6,3
126,0,-9.0,3,6.86982262507081,6,3
126,0,-2.0,3,10.278016875032336,6,3
126,1,-2.0,3,2.5887738750316203,6,3
126,0,-12.0,3,11.040360792074353,6,3
126,0,-9.0,3,13.73490958311595,6,3
126,0,-9.0,3,5.31303304200992,6,3
126,1,-2.0,3,7.785888125188649,6,3
126,0,-8.0,4,15.474328249925748,5,3
126,1,8.0,4,4.679384042043239,5,3
126,1,4.0,4,2.624577875016257,5,2
126,1,12.0,4,5.044246041914448,5,2
126,0,0.0,4,2.754751458996907,5,3
126,0,-8.0,4,11.457677708007395,5,3
126,0,-4.0,4,10.980356957996264,5,2
126,1,12.0,4,3.2208840418606997,5,2
126,1,1.0,5,17.153503249865025,6,3
126,0,-1.0,5,7.947979750111699,6,3
126,1,3.0,5,16.63656320888549,6,3
126,1,1.0,5,21.59061612514779,6,3
126,0,1.0,5,10.390841125044972,6,3
126,1,1.0,5,12.347756624920294,6,3
126,1,1.0,5,8.970703708939254,6,3
126,1,1.0,5,2.894476625137031,6,3
126,0,-2.0,6,19.98801629198715,6,3
126,1,2.0,6,13.781136417062951,6,3
126,0,1.0,6,11.617140916874632,6,3
126,0,4.0,6,11.799802042078229,6,3
126,0,1.0,6,7.044610874960199,6,3
126,0,0.0,6,8.609627458965406,6,3
126,0,1.0,6,7.204642083030194,6,3
126,1,1.0,6,3.410829999949783,6,3
126,0,-2.0,7,11.28176770801656,6,3
126,0,-4.0,7,11.921567665878683,6,3
126,1,1.0,7,0.8812013329006732,6,3
126,0,-1.0,7,13.248797458130866,6,3
126,0,-1.0,7,15.076771292136982,6,3
126,1,-2.0,7,15.91356954188086,6,3
126,0,-4.0,7,14.47692641709,6,3
126,1,1.0,7,7.87322258297354,6,3
127,1,-2.0,1,3.734588125022128,4,3
127,0,-4.0,1,4.16148979216814,4,2
127,1,3.0,1,3.165414375020191,4,3
127,1,-4.0,1,2.290864707902074,4,2
127,0,0.0,1,1.1324224169366062,4,2
127,1,0.0,1,3.9426049578469247,4,2
127,0,-7.0,1,1.3297192500904202,4,1
127,1,-2.0,1,2.191600957885385,4,1
127,0,-5.0,2,4.719600582960993,5,2
127,1,4.0,2,2.3083076658658683,5,3
127,1,9.0,2,4.306831584079191,5,3
127,0,0.0,2,3.1392363330814987,5,3
127,0,0.0,2,2.1063901658635587,5,2
127,1,0.0,2,5.484563166974112,5,2
127,1,4.0,2,3.2333931250032037,5,3
127,0,4.0,2,4.971918625058606,5,2
127,1,-5.0,3,5.801291249925271,4,2
127,1,-5.0,3,6.1905450420454144,4,2
127,0,-14.0,3,0.9583395000081508,4,2
127,0,-14.0,3,2.6436718329787254,4,2
127,1,-5.0,3,2.223890000022948,4,2
127,1,-5.0,3,3.0160829999949783,4,2
127,0,-14.0,3,1.6961673749610782,4,2
127,0,-14.0,3,1.362520792055875,4,2
127,0,2.0,4,3.844912958098575,3,2
127,1,-2.0,4,2.887308083008975,3,1
127,1,-2.0,4,1.5205261250957849,3,1
127,0,0.0,4,0.3286590839270502,3,3
127,1,7.0,4,4.892189041012898,3,2
127,0,-7.0,4,0.8748842079658061,3,1
127,1,2.0,4,2.2661486249417067,3,2
127,0,-4.0,5,2.6881589589174837,4,3
127,1,3.0,5,0.947353582829237,4,1
127,0,-11.0,5,1.37158358306624,4,3
127,0,-6.0,5,0.7276292080059648,4,2
127,0,-3.0,5,2.7805506670847535,4,2
127,1,2.0,5,2.0652224998921156,4,1
127,1,-5.0,5,1.424256708007306,4,1
127,0,-12.0,5,1.2952759170439094,4,3
127,0,5.0,6,3.8018869580700994,6,3
127,0,2.0,6,1.0621086668688804,6,3
127,1,-1.0,6,1.4823277918621898,6,3
127,1,5.0,6,1.5829937090165913,6,3
127,1,2.0,6,2.9984324579127133,6,3
127,0,2.0,6,0.3854725419078022,6,3
127,1,2.0,6,1.4830155409872532,6,3
127,0,-1.0,6,1.7835699159186331,6,3
127,1,4.0,7,7.794646500144154,4,2
127,1,7.0,7,9.414294499903916,4,2
127,1,7.0,7,3.6670242911204696,4,2
127,1,5.0,7,5.318324124906212,4,3
127,1,4.0,7,16.56477445899509,4,2
127,1,6.0,7,8.86412441614084,4,1
127,0,4.0,7,7.65190549986437,4,2
127,1,7.0,7,4.160117333987728,4,2
128,0,-5.0,1,4.884646250167862,6,3
128,0,-5.0,1,8.791384333046153,6,3
128,1,2.0,1,3.1336015828419477,6,3
128,1,2.0,1,3.613859999924898,6,3
128,1,2.0,1,4.936783249955624,6,3
128,0,-2.0,1,5.137494917027652,6,3
128,0,-1.0,1,6.17442391696386,6,3
128,0,-5.0,1,3.5508880000561476,6,3
128,1,6.0,2,3.9365715000312775,6,3
128,1,8.0,2,2.7394821669440717,6,3
128,1,14.0,2,6.2277843749616295,6,3
128,0,-1.0,2,3.872032791841775,6,3
128,0,-2.0,2,5.068718624999747,6,3
128,1,6.0,2,3.6883090829942375,6,3
128,1,13.0,2,5.034710000036284,6,3
128,1,4.0,2,2.704654833069071,6,3
128,0,-1.0,3,5.885916457977146,6,3
128,1,1.0,3,7.427313708001748,6,3
128,1,1.0,3,4.968335958197713,6,3
128,1,1.0,3,5.7584940830711275,6,3
128,0,-1.0,3,3.7423772080801423,6,3
128,1,1.0,3,4.122959000058472,6,3
128,0,-1.0,3,4.542070750147104,6,3
128,0,-1.0,3,4.2672601249068975,6,3
128,0,1.0,4,16.70624979119748,6,3
128,0,-3.0,4,11.66052862512879,6,3
128,0,-4.0,4,7.017659374978393,6,3
128,1,1.0,4,6.583401417126879,6,3
128,0,-3.0,4,4.707848584046587,6,3
128,1,1.0,4,4.095937374979258,6,3
128,1,-3.0,4,8.825845041079447,6,3
128,1,2.0,4,10.997144958935678,6,3
128,1,2.0,5,14.17936516692862,6,3
128,1,2.0,5,5.56780262500979,6,3
128,0,-4.0,5,7.255600541131571,6,3
128,0,-4.0,5,5.916540834121406,6,3
128,0,-1.0,5,8.226718041114509,6,3
128,0,-3.0,5,5.63721154211089,6,3
128,1,1.0,5,7.282557874917984,6,3
128,1,-1.0,5,6.395128083182499,6,3
128,0,-1.0,6,10.544751583132893,6,3
128,0,-3.0,6,9.058235583128408,6,3
128,1,1.0,6,10.61822587507777,6,3
128,0,-1.0,6,5.321380417095497,6,3
128,0,-1.0,6,6.534153833985329,6,3
128,0,-1.0,6,5.985069541959092,6,3
128,0,-1.0,6,6.9875700830016285,6,3
128,0,-1.0,6,4.138970334082842,6,3
128,1,4.0,7,24.21643029106781,5,3
128,1,1.0,7,7.9245004581753165,5,2
128,1,8.0,7,6.495992250042036,5,3
128,0,-9.0,7,5.5287299999035895,5,2
128,1,4.0,7,7.970217917114496,5,3
128,0,-5.0,7,4.236487874994054,5,2
128,1,-2.0,7,15.10181862511672,5,3
128,1,-5.0,7,3.516985540976748,5,2
129,0,-4.0,1,4.158768624998629,5,2
129,0,-2.0,1,2.522096458822489,5,3
129,1,-3.0,1,2.138543749926612,5,2
129,1,-1.0,1,8.374151666183025,5,3
129,0,-5.0,1,2.878605666803196,5,3
129,0,-7.0,1,0.2766425830777734,5,2
129,1,0.0,1,3.9237122498452663,5,2
129,1,2.0,1,0.6808431670069695,5,3
129,1,7.0,2,9.265158332884312,4,3
129,0,-1.0,2,4.21161466720514,4,2
129,1,4.0,2,5.655826624948531,4,3
129,0,3.0,2,4.319994332967326,4,2
129,1,13.0,2,1.9872704590670764,4,2
129,0,5.0,2,1.0572627501096576,4,1
129,1,9.0,2,0.3638902499806136,4,2
129,1,8.0,2,0.001192457973957,4,1
129,0,8.0,3,0.2306899579707533,3,1
129,0,0.0,3,3.4281807080842555,3,2
129,0,4.0,3,2.2071963329799473,3,2
129,0,4.0,3,2.908364000031725,3,2
129,1,4.0,3,2.9853211247827858,3,1
129,0,4.0,3,4.572608291869983,3,2
129,0,4.0,3,1.0470108340959996,3,1
129,0,4.0,3,0.9654014999978244,3,1
129,0,-4.0,4,3.8817256668116897,4,3
129,0,1.0,4,4.201547916978598,4,2
129,0,-4.0,4,2.0664052499923855,4,1
129,1,-2.0,4,5.632672708015889,4,2
129,0,-6.0,4,0.5103914579376578,4,2
129,0,-4.0,4,0.440775291994214,4,1
129,0,-9.0,4,2.0149439580272883,4,2
129,0,-4.0,4,0.4814702500589192,4,3
129,1,10.0,5,3.442231875145808,5,3
129,0,5.0,5,8.005340042058378,5,2
129,0,5.0,5,5.9626879170536995,5,3
129,0,9.0,5,1.0673695418518037,5,2
129,1,1.0,5,2.6262842079158872,5,3
129,1,13.0,5,4.626407958101481,5,2
129,1,9.0,5,2.269124333979562,5,3
129,0,4.0,5,0.2777128750458359,5,2
129,1,1.0,6,1.0611807499080896,4,2
129,1,3.0,6,1.3659060418140143,4,2
129,1,4.0,6,1.9343916662037373,4,2
129,0,1.0,6,3.754599832929671,4,3
129,0,1.0,6,3.5916120000183582,4,2
129,1,4.0,6,1.411661540856585,4,1
129,0,2.0,6,2.1729396658483893,4,2
129,1,4.0,6,0.4654701671097427,4,2
129,0,-6.0,7,2.504882290959358,4,2
129,1,2.0,7,5.90695754205808,4,3
129,0,-8.0,7,1.283231500070542,4,3
129,1,2.0,7,2.399291167035699,4,1
129,0,0.0,7,0.0421381660271436,4,2
129,0,0.0,7,2.5845188749954104,4,2
129,0,-6.0,7,0.0671375410165637,4,2
129,0,-8.0,7,0.3999178330413997,4,1
131,1,9.0,1,4.736382959003095,4,2
131,0,-5.0,1,4.816464667004766,4,2
131,1,6.0,1,5.747211125009926,4,2
131,1,9.0,1,3.695372832997237,4,2
131,1,6.0,1,3.922808332979912,4,2
131,0,-5.0,1,3.824620915984269,4,2
131,1,-2.0,1,3.658940333989449,4,2
131,0,-2.0,1,3.295943624980282,4,2
131,1,0.0,2,7.855851999978768,2,2
131,0,0.0,2,6.421390667004744,2,2
131,1,0.0,2,4.891246582992608,2,2
131,1,9.0,2,1.9509117079724092,2,1
131,1,-9.0,2,2.164059791015461,2,1
131,0,-14.0,3,1.3325359580048826,5,3
131,0,0.0,3,9.280953374982346,5,2
131,1,-5.0,3,2.0781399169936776,5,2
131,0,-8.0,3,6.263173959014239,5,3
131,0,-9.0,3,2.9589774159830995,5,3
131,1,-6.0,3,3.3355232090107165,5,2
131,1,3.0,3,3.5845553330145776,5,3
131,0,-17.0,3,3.761364332982339,5,2
131,1,11.0,4,6.985403749975376,4,2
131,0,11.0,4,3.215086208016146,4,2
131,1,9.0,4,1.140263084002072,4,2
131,0,11.0,4,7.181175625009928,4,2
131,1,9.0,4,1.7187918749987148,4,2
131,1,9.0,4,2.343460000003688,4,2
131,0,9.0,4,5.449042415973963,4,2
131,1,11.0,4,5.126479083002778,4,2
131,0,-1.0,5,4.818113791989163,4,3
131,0,6.0,5,7.2346780829830095,4,2
131,1,4.0,5,4.10063000000082,4,2
131,0,-2.0,5,6.0857872090127785,4,1
131,1,-7.0,5,0.7042413330054842,4,2
131,1,1.0,5,1.3216848750016652,4,3
131,0,-4.0,5,0.7745223749952856,4,1
131,1,-9.0,5,1.008740707999095,4,2
131,1,9.0,6,3.416379416012205,4,2
131,1,13.0,6,8.292686667002272,4,2
131,1,9.0,6,8.6619502499816,4,2
131,1,2.0,6,1.5044380000035744,4,2
131,0,9.0,6,0.5656344580056611,4,2
131,0,6.0,6,4.475349541986361,4,2
131,0,6.0,6,4.641314582986524,4,2
131,1,6.0,6,2.1201121670019347,4,2
131,1,-2.0,7,7.211079416010762,5,2
131,1,-6.0,7,1.251492125011282,5,3
131,0,-17.0,7,3.7454683749820106,5,3
131,0,-16.0,7,2.0233851660159416,5,3
131,1,-7.0,7,2.5120962079963647,5,2
131,1,9.0,7,6.7814577499812,5,2
131,1,-1.0,7,4.927414833015064,5,3
131,1,8.0,7,2.68653391697444,5,2
132,1,4.0,1,8.927651290985523,6,3
132,1,1.0,1,3.5147659580106847,6,3
132,0,-7.0,1,1.5374450829986015,6,3
132,1,4.0,1,13.702071750012692,6,3
132,0,4.0,1,2.8722852499922737,6,3
132,0,-4.0,1,3.3712786250107456,6,3
132,1,-7.0,1,4.161452000000281,6,3
132,0,-7.0,1,4.935394583008019,6,3
132,0,-2.0,2,43.790628041984746,3,2
132,1,6.0,2,6.744596292002825,3,3
132,0,8.0,2,11.464367042004596,3,1
132,1,6.0,2,16.11244616698241,3,1
132,0,-2.0,2,2.1705434169853106,3,2
132,1,8.0,2,1.1922387089871336,3,1
132,1,0.0,2,6.570459374983329,3,2
132,0,-4.0,3,44.06351904102485,4,2
132,1,4.0,3,16.09098062501289,4,1
132,0,0.0,3,28.38345929098432,4,2
132,1,-8.0,3,9.482162750005957,4,3
132,1,4.0,3,12.69597179099219,4,1
132,0,4.0,3,9.847776374983368,4,3
132,1,-8.0,3,35.471669750026194,4,3
132,1,-8.0,3,6.106237540981965,4,1
132,1,13.0,4,2.6965997500228696,4,2
132,1,0.0,4,1.334649458003696,4,2
132,1,6.0,4,3.942158749996452,4,2
132,0,-7.0,4,5.285833875008393,4,2
132,0,2.0,4,11.481193083978724,4,1
132,1,4.0,4,3.207803666999098,4,3
132,1,0.0,4,6.922672957996838,4,2
132,1,6.0,4,2.8964211250131484,4,2
132,1,3.0,5,25.05965749997995,6,3
132,1,3.0,5,4.120444083993789,6,3
132,1,6.0,5,7.59774466700037,6,3
132,1,3.0,5,10.998688666993983,6,3
132,0,3.0,5,6.0254707080021035,6,3
132,1,3.0,5,5.091693750000559,6,3
132,0,3.0,5,5.403661124990322,6,3
132,1,0.0,5,31.060880125005497,6,3
132,0,-4.0,6,33.15596095798537,6,3
132,1,-2.0,6,13.264404624991585,6,3
132,0,-2.0,6,6.064686500001699,6,3
132,0,-2.0,6,6.409851917007472,6,3
132,0,-5.0,6,5.4849960829888005,6,3
132,0,-3.0,6,17.542188040999463,6,3
132,1,-5.0,6,6.844591166998725,6,3
132,0,-5.0,6,6.285946000018157,6,3
132,1,3.0,7,3.108064917003503,6,3
132,0,-4.0,7,23.223796082980694,6,3
132,1,-5.0,7,2.5533233750029467,6,3
132,0,-1.0,7,3.7534929169924,6,3
132,1,-2.0,7,7.70591637500911,6,3
132,1,7.0,7,9.636099249997642,6,3
132,1,4.0,7,9.244321125006536,6,3
132,1,6.0,7,3.6356341670034458,6,3
133,0,-1.0,1,8.68846558331279,6,3
133,1,6.0,1,7.751656291657127,6,3
133,0,2.0,1,3.232123333349591,6,3
133,0,3.0,1,6.757133333332604,6,3
133,1,6.0,1,5.835298999998486,6,3
133,1,2.0,1,1.972739249991719,6,3
133,1,3.0,1,6.741386749985395,6,3
133,0,-1.0,1,2.437032708345214,6,3
133,0,8.0,2,3.690267041674815,4,2
133,1,-3.0,2,10.02698870835593,4,2
133,0,0.0,2,5.207723666651873,4,2
133,1,6.0,2,3.658121291664429,4,3
133,1,5.0,2,2.6435860416968353,4,2
133,0,-1.0,2,3.550346666655969,4,1
133,0,8.0,2,1.565888458309928,4,2
133,1,-3.0,2,0.5485297083214391,4,2
133,0,-9.0,3,7.196090208308306,3,2
133,0,-9.0,3,2.997806416649837,3,2
133,0,-3.0,3,7.521428750013001,3,1
133,0,-9.0,3,1.3683848333603237,3,2
133,0,0.0,3,17.441453583334805,3,2
133,1,6.0,3,1.2235904583649244,3,1
133,0,6.0,3,5.715874291665386,3,1
133,1,6.0,3,1.949342166655697,3,1
133,0,3.0,4,28.845044124987908,6,3
133,0,6.0,4,11.752322833315702,6,3
133,1,6.0,4,5.352196458319668,6,3
133,0,-5.0,4,5.504099833371583,6,3
133,0,-8.0,4,2.8661772916675545,6,3
133,0,-8.0,4,2.765643833350623,6,3
133,1,3.0,4,2.831933166657109,6,3
133,1,-5.0,4,0.4974558749818243,6,3
133,0,-1.0,5,7.3938026249816176,6,3
133,1,7.0,5,10.646854124992387,6,3
133,1,7.0,5,7.426301166677149,6,3
133,1,7.0,5,25.401892958325337,6,3
133,1,10.0,5,4.052930375008145,6,3
133,0,2.0,5,1.1150785833597183,6,3
133,1,2.0,5,1.151732083351817,6,3
133,1,2.0,5,0.1492675416520796,6,3
133,1,-2.0,6,21.234010749991285,3,2
133,0,4.0,6,13.325976333318977,3,2
133,1,1.0,6,2.679895208304515,3,1
133,0,1.0,6,6.506127333326731,3,1
133,0,4.0,6,6.312564958323492,3,2
133,1,7.0,6,1.411602749984013,3,1
133,0,-2.0,6,6.079520708299242,3,2
133,1,7.0,6,0.0502419999975245,3,1
133,0,-6.0,7,10.837367416650524,4,2
133,0,-4.0,7,5.063653583347332,4,2
133,0,-1.0,7,0.9916830416477752,4,2
133,0,-3.0,7,2.8092490833078045,4,2
133,0,-4.0,7,8.47711454165983,4,2
133,0,-4.0,7,3.648410250025336,4,2
133,0,-3.0,7,3.5562408750120085,4,2
133,0,-3.0,7,3.2852867499750573,4,2
134,0,-6.0,1,7.57487479201518,5,3
134,1,10.0,1,7.908995290985331,5,2
134,1,7.0,1,14.03148320800392,5,2
134,1,2.0,1,5.224671750009293,5,3
134,0,5.0,1,15.11882874998264,5,2
134,0,-1.0,1,3.583608999993885,5,3
134,0,-3.0,1,4.663166333019035,5,3
134,1,2.0,1,8.239611416007392,5,2
134,1,9.0,2,8.642359874997055,4,1
134,1,10.0,2,10.182717541989405,4,2
134,0,7.0,2,2.7178933750255965,4,3
134,0,2.0,2,9.32272020902019,4,2
134,0,2.0,2,5.500317124999128,4,2
134,1,14.0,2,3.252104999992298,4,2
134,1,14.0,2,2.0001241250138264,4,2
134,1,6.0,2,0.6548447500099428,4,2
134,1,-2.0,3,7.137621375004528,6,3
134,0,-9.0,3,3.458882042003097,6,3
134,0,-6.0,3,20.441985792014748,6,3
134,0,-10.0,3,3.7531561250216328,6,3
134,1,-6.0,3,4.946778583980631,6,3
134,0,-1.0,3,3.990866500011179,6,3
134,0,-5.0,3,3.3761220000160392,6,3
134,0,-5.0,3,2.5476735420234036,6,3
134,1,1.0,4,11.161410290980712,6,3
134,0,-8.0,4,14.6461233329901,6,3
134,0,-8.0,4,5.24746812498779,6,3
134,0,-6.0,4,6.712740082992241,6,3
134,1,-10.0,4,5.384707000019262,6,3
134,0,-1.0,4,5.71784004199435,6,3
134,1,-3.0,4,1.889585625001928,6,3
134,1,-1.0,4,2.798788791988045,6,3
134,0,-1.0,5,11.143583375000162,6,3
134,0,1.0,5,22.492878874996677,6,3
134,1,1.0,5,6.576303624984575,6,3
134,1,-1.0,5,10.763694374996703,6,3
134,0,-1.0,5,13.527497375005623,6,3
134,1,1.0,5,6.063375249999808,6,3
134,0,-1.0,5,5.352017332974356,6,3
134,1,1.0,5,3.990702457987936,6,3
134,1,8.0,6,19.103758665994977,5,3
134,0,3.0,6,12.607406458002515,5,3
134,0,-4.0,6,8.92878012501751,5,2
134,0,1.0,6,8.665787833015202,5,2
134,1,1.0,6,8.482241332996637,5,2
134,1,9.0,6,4.381743125006324,5,3
134,0,-5.0,6,3.031508040992776,5,2
134,1,3.0,6,3.114242417010246,5,3
134,0,-9.0,7,11.201358374994015,4,1
134,1,2.0,7,2.524260458012577,4,1
134,1,8.0,7,1.2544009589764755,4,2
134,0,-8.0,7,2.345699958008481,4,3
134,1,3.0,7,2.084185208019335,4,3
134,0,-3.0,7,3.7317451249982696,4,2
134,0,-14.0,7,0.7927964580012485,4,2
134,1,-3.0,7,1.3481202499824576,4,2
135,1,-1.0,1,12.21559479201096,4,1
135,1,7.0,1,4.652762833982706,4,1
135,1,6.0,1,12.59437504201196,4,2
135,0,10.0,1,12.93897712501348,4,3
135,0,11.0,1,15.05699845799245,4,2
135,1,18.0,1,9.69387554199784,4,3
135,0,3.0,1,2.78623445800622,4,2
135,1,14.0,1,9.059786708996398,4,2
135,0,6.0,2,11.916586666979128,3,2
135,0,1.0,2,4.947430333006196,3,2
135,1,8.0,2,8.34819275001064,3,1
135,0,3.0,2,14.531720124999993,3,1
135,1,6.0,2,1.526725624979008,3,2
135,0,1.0,2,11.238421167014168,3,2
135,1,8.0,2,4.840171624993673,3,1
135,0,3.0,2,8.541461750020972,3,1
135,1,7.0,3,21.887606875010533,5,2
135,1,10.0,3,8.341083333012648,5,3
135,1,17.0,3,15.328010333003476,5,2
135,1,7.0,3,11.72288812501938,5,2
135,0,-1.0,3,6.8328924590023234,5,3
135,0,6.0,3,5.695176042005187,5,2
135,0,9.0,3,6.877719707990764,5,3
135,1,9.0,3,13.0692558340088,5,3
135,0,4.0,4,16.053371749992948,5,3
135,0,-13.0,4,7.7679578329843935,5,2
135,0,-1.0,4,9.956096458015963,5,2
135,1,21.0,4,2.565892957994947,5,3
135,1,8.0,4,10.392891875002531,5,3
135,1,9.0,4,7.355071375000989,5,3
135,1,4.0,4,9.328316375002032,5,2
135,1,0.0,4,3.2463793749921024,5,2
135,0,-2.0,5,43.53842737499508,5,3
135,1,3.0,5,7.8989504580094945,5,3
135,1,6.0,5,41.59524908399908,5,2
135,0,-13.0,5,5.013592833012808,5,3
135,1,-5.0,5,16.912446917005582,5,2
135,0,-10.0,5,20.592008166015148,5,2
135,0,0.0,5,2.768592250009533,5,2
135,1,-7.0,5,0.658747042005416,5,3
135,1,1.0,6,22.18577425001422,3,1
135,1,-6.0,6,7.332915750012035,3,1
135,0,-5.0,6,2.1358035000157543,3,2
135,0,-5.0,6,8.692778291995637,3,2
135,0,2.0,6,1.837958541000262,3,2
135,0,1.0,6,3.1339952499838546,3,1
135,1,1.0,6,1.791303500009235,3,1
135,1,-5.0,6,1.665146541025024,3,2
135,0,8.0,7,22.504791917017428,3,1
135,1,9.0,7,3.781021583999973,3,1
135,0,0.0,7,5.292233083979227,3,2
135,1,8.0,7,2.0761094999907073,3,1
135,0,-1.0,7,10.630936708010267,3,2
135,0,8.0,7,17.12008787499508,3,3
135,1,0.0,7,1.3760332080128137,3,2
136,1,4.0,1,4.358065792010166,6,3
136,0,-8.0,1,16.668391500017606,6,3
136,0,-3.0,1,6.828749959007837,6,3
136,1,9.0,1,4.847405834007077,6,3
136,1,2.0,1,6.389265333011281,6,3
136,0,-1.0,1,2.953910083975643,6,3
136,1,-3.0,1,7.943858749989886,6,3
136,0,4.0,1,9.355170166993048,6,3
136,1,14.0,2,17.57054537499789,6,3
136,0,10.0,2,11.91981333401054,6,3
136,1,3.0,2,4.866979207959957,6,3
136,1,9.0,2,8.643093208025675,6,3
136,1,22.0,2,5.002191291016061,6,3
136,1,2.0,2,15.252263500005938,6,3
136,1,21.0,2,1.639419707993511,6,3
136,1,15.0,2,5.260866458003875,6,3
136,0,-15.0,3,20.88313891703729,5,3
136,0,-7.0,3,7.7711028340272605,5,2
136,0,-15.0,3,4.091829415992834,5,3
136,0,5.0,3,8.007328959007282,5,2
136,1,-3.0,3,1.836960375017952,5,3
136,0,1.0,3,3.747808374988381,5,2
136,0,-11.0,3,4.892494458996225,5,3
136,1,5.0,3,2.3853904999559745,5,2
136,1,-4.0,4,18.68669125001179,5,2
136,0,-3.0,4,6.144094499992207,5,3
136,1,-1.0,4,24.04996354196919,5,3
136,0,-3.0,4,9.114183709025385,5,3
136,1,-2.0,4,6.613245957996696,5,2
136,1,-2.0,4,5.231391583045479,5,2
136,0,-4.0,4,4.579239458020311,5,2
136,1,-1.0,4,3.61779899999965,5,3
136,1,2.0,5,9.433615707966965,6,3
136,0,2.0,5,9.017282749991864,6,3
136,1,-1.0,5,11.014324166986626,6,3
136,1,3.0,5,2.4352385840029456,6,3
136,0,1.0,5,1.59811483300291,6,3
136,1,5.0,5,0.8974364590249024,6,3
136,1,6.0,5,3.7379852500162087,6,3
136,0,-2.0,5,0.8607214580406435,6,3
136,1,2.0,6,15.644909916969482,4,1
136,1,5.0,6,9.734109874989372,4,2
136,0,-5.0,6,1.592955041967798,4,2
136,1,2.0,6,18.550119833031204,4,3
136,0,-5.0,6,0.8990263749728911,4,2
136,1,9.0,6,4.014887834026013,4,2
136,0,-1.0,6,1.730113415978849,4,2
136,1,9.0,6,0.958910959016066,4,2
136,1,0.0,7,8.723338875046466,5,2
136,0,-6.0,7,2.0064226249814965,5,3
136,0,-5.0,7,0.4993736670003272,5,3
136,0,-4.0,7,0.767697999952361,5,3
136,1,2.0,7,4.904410332965199,5,2
136,1,0.0,7,2.748088958032895,5,2
136,0,-4.0,7,2.2465713749988936,5,3
136,1,1.0,7,2.1472614579834044,5,2
137,1,6.0,1,14.28652875003172,5,2
137,0,0.0,1,12.118630999990271,5,2
137,1,13.0,1,1.2824353750329465,5,2
137,0,4.0,1,13.89451337500941,5,3
137,0,4.0,1,12.201557916996537,5,3
137,1,0.0,1,0.8655582920182496,5,2
137,0,-9.0,1,0.2264601250062696,5,3
137,1,-2.0,1,5.175019624992274,5,3
137,0,2.0,2,15.66020241600927,6,3
137,1,11.0,2,6.694102915993426,6,3
137,0,6.0,2,10.574411417008378,6,3
137,1,11.0,2,5.6835984159843065,6,3
137,1,6.0,2,11.508762750017922,6,3
137,1,15.0,2,9.077010375040118,6,3
137,1,20.0,2,13.448418624990154,6,3
137,0,-3.0,2,0.7359663749812171,6,3
137,0,7.0,3,10.89976104197558,5,2
137,1,-5.0,3,8.764471875037998,5,3
137,0,4.0,3,17.706475167011376,5,2
137,1,14.0,3,16.97284037497593,5,2
137,0,5.0,3,5.001840958953835,5,3
137,0,-5.0,3,6.01066308299778,5,3
137,1,14.0,3,1.0706934590125456,5,2
137,1,2.0,3,10.367834709002636,5,3
137,1,10.0,4,14.49081325001316,5,2
137,0,-11.0,4,0.6381058749975637,5,3
137,1,-4.0,4,18.555684124992695,5,2
137,1,10.0,4,4.463261624972802,5,2
137,0,-11.0,4,2.7868949999683537,5,3
137,1,3.0,4,1.4613202500040643,5,3
137,0,-7.0,4,3.984532375005074,5,3
137,1,6.0,4,0.3887302079820074,5,2
137,1,5.0,5,22.793308416963555,6,3
137,0,3.0,5,26.179327416000888,6,3
137,1,12.0,5,8.127623000007588,6,3
137,1,3.0,5,17.77180370897986,6,3
137,0,-4.0,5,16.21465358301066,6,3
137,1,5.0,5,3.539214207965415,6,3
137,1,5.0,5,12.36854024999775,6,3
137,1,3.0,5,8.32817354198778,6,3
137,1,1.0,6,27.378215999982785,6,3
137,1,13.0,6,24.40141524997307,6,3
137,0,1.0,6,2.600003083993215,6,3
137,1,13.0,6,19.175441542000044,6,3
137,0,1.0,6,8.388898833014537,6,3
137,1,13.0,6,15.21575966605451,6,3
137,1,13.0,6,12.423732041963376,6,3
137,0,1.0,6,25.101820084033537,6,3
137,0,-2.0,7,22.907204499992076,4,2
137,0,-6.0,7,3.872452042007353,4,1
137,1,8.0,7,0.7203930420218967,4,3
137,1,6.0,7,14.32658774999436,4,3
137,0,4.0,7,12.103153333009686,4,2
137,1,-2.0,7,12.048286832985468,4,2
137,1,4.0,7,10.2760092500248,4,2
137,0,-4.0,7,10.646710000000894,4,1
138,1,4.0,1,6.273124583996832,3,1
138,1,4.0,1,5.641047999961302,3,1
138,0,-4.0,1,2.580718250013888,3,2
138,0,-4.0,1,3.859912915970199,3,2
138,0,-4.0,1,2.9663969579851255,3,2
138,1,4.0,1,4.717379458015785,3,1
138,1,4.0,1,5.796682041953318,3,1
138,1,-4.0,1,5.42490058299154,3,2
138,0,-6.0,2,11.835215874947608,5,2
138,0,-1.0,2,6.424589875037782,5,3
138,1,11.0,2,3.142048457986675,5,3
138,1,11.0,2,2.7230037919944152,5,3
138,0,-7.0,2,4.187775915954262,5,3
138,1,6.0,2,4.137499958043918,5,2
138,0,-6.0,2,1.4383023750269786,5,2
138,1,12.0,2,2.3837885410757735,5,2
138,1,3.0,3,4.018871999927796,3,2
138,0,-9.0,3,1.039413542021066,3,2
138,0,-8.0,3,3.1150623339926824,3,1
138,1,4.0,3,5.145004583057016,3,1
138,1,3.0,3,2.817609832971357,3,2
138,0,-9.0,3,0.7908495420124382,3,2
138,1,4.0,3,3.3383754999376833,3,1
138,0,-8.0,3,0.5754841659218073,3,1
138,1,0.0,4,10.11515149998013,4,2
138,1,5.0,4,4.432559667038731,4,2
138,1,5.0,4,3.1745967080350965,4,2
138,0,1.0,4,1.236851125024259,4,2
138,0,1.0,4,3.959813582943752,4,2
138,1,4.0,4,5.07549337495584,4,2
138,1,4.0,4,3.7775855000363663,4,2
138,1,0.0,4,3.6776068749604742,4,2
138,1,7.0,5,4.036501292022876,3,1
138,0,-9.0,5,1.685806917026639,3,1
138,0,-9.0,5,1.0710881659761071,3,1
138,1,12.0,5,1.5003941669128835,3,2
138,1,12.0,5,7.694192124996334,3,2
138,0,-9.0,5,0.8424853750038892,3,1
138,1,12.0,5,3.1811848329380155,3,2
138,0,-4.0,5,1.4541071669664234,3,2
138,0,-7.0,6,3.0474904999136925,5,2
138,1,3.0,6,1.5914322920143604,5,3
138,1,-2.0,6,1.6987596669932827,5,2
138,1,-2.0,6,5.125985375023447,5,2
138,0,-2.0,6,1.584497000090778,5,3
138,0,-2.0,6,5.9973967500263825,5,3
138,1,3.0,6,1.849350375006907,5,3
138,0,-7.0,6,1.86469345795922,5,2
138,1,6.0,7,3.702888667001389,2,1
138,1,5.0,7,5.159362124977633,2,1
138,0,6.0,7,4.968756207963452,2,1
138,1,6.0,7,2.527306541102007,2,1
138,0,6.0,7,1.9792498329188677,2,1
138,0,5.0,7,1.004308499977924,2,1
138,0,5.0,7,3.503730042022653,2,1
138,0,5.0,7,1.8363729170523584,2,1
139,0,2.0,1,16.40457420796156,4,2
139,0,2.0,1,5.663683333899826,4,2
139,0,4.0,1,24.117047999985516,4,2
139,1,4.0,1,5.398523999960162,4,2
139,0,2.0,1,8.549671791028231,4,2
139,1,-5.0,1,13.249937833985314,4,2
139,1,4.0,1,14.992575249983927,4,2
139,1,11.0,1,7.255897916969843,4,2
139,0,-7.0,2,17.87555108300876,3,2
139,0,6.0,2,12.495305708027445,3,1
139,1,8.0,2,22.494870958966203,3,2
139,0,-3.0,2,4.663727542036213,3,2
139,1,2.0,2,12.508625208050944,3,1
139,0,8.0,2,4.218381665996276,3,2
139,1,-9.0,2,0.767328166984953,3,1
139,0,-9.0,2,0.4241163330152631,3,1
139,1,-3.0,3,12.498270708951168,3,2
139,1,7.0,3,4.3672501250403,3,1
139,0,-3.0,3,0.4763536669779569,3,2
139,1,-2.0,3,16.54979220801033,3,2
139,1,6.0,3,0.628080916008912,3,1
139,1,6.0,3,3.835043999948539,3,1
139,0,-2.0,3,0.9064202499575912,3,2
139,0,7.0,3,0.4711831660242751,3,1
139,1,2.0,4,7.742663290933706,3,2
139,0,-8.0,4,0.5174155839486048,3,1
139,1,8.0,4,7.735466583049856,3,1
139,0,-8.0,4,1.9226810419932008,3,1
139,0,0.0,4,1.474760957993567,3,2
139,0,-14.0,4,0.6819148750510067,3,2
139,0,-6.0,4,0.6964864999754354,3,1
139,0,2.0,4,5.815444124978967,3,2
139,1,-6.0,5,7.9201919590123,4,3
139,1,15.0,5,9.66560795903206,4,2
139,0,-13.0,5,3.170865916996263,4,2
139,1,8.0,5,10.10255062498618,4,1
139,1,15.0,5,3.884441874921322,4,2
139,0,-8.0,5,1.297528958064504,4,1
139,1,10.0,5,6.261785458074883,4,3
139,0,-13.0,5,4.716926499968395,4,2
139,1,-2.0,6,25.026503833942115,6,3
139,0,0.0,6,7.085417208028957,6,3
139,0,0.0,6,0.4702009159373119,6,3
139,1,17.0,6,6.820393625064753,6,3
139,1,17.0,6,5.538371833972633,6,3
139,1,15.0,6,2.090272832894698,6,3
139,0,-2.0,6,1.8115533329546452,6,3
139,1,15.0,6,6.17744037497323,6,3
139,0,-5.0,7,8.983049000031315,3,1
139,0,-11.0,7,2.2772546251071617,3,2
139,1,9.0,7,3.088992708013393,3,1
139,1,3.0,7,2.756942500011064,3,2
139,1,9.0,7,2.466326124966145,3,1
139,0,-11.0,7,0.447706958046183,3,2
139,0,-11.0,7,1.1522765000117945,3,2
139,0,9.0,7,0.7305282499874011,3,1
140,0,8.0,1,9.6151606249623,5,2
140,0,-1.0,1,11.794247874990106,5,3
140,1,-7.0,1,14.360034208046272,5,3
140,1,2.0,1,9.732415208010934,5,2
140,0,-5.0,1,15.299689083942212,5,3
140,1,6.0,1,7.315950624994002,5,2
140,1,-5.0,1,11.477673250017688,5,3
140,0,6.0,1,4.165596499922685,5,2
140,1,-4.0,2,10.522687707911246,3,1
140,1,8.0,2,19.478432083968073,3,1
140,0,0.0,2,17.662547124898992,3,2
140,0,-12.0,2,13.061119833029808,3,2
140,0,-4.0,2,3.900336917024106,3,1
140,1,-12.0,2,14.523858583997937,3,2
140,1,8.0,2,10.5678759169532,3,1
140,1,0.0,2,0.959334500017576,3,2
140,0,-5.0,3,28.460161666967903,6,3
140,1,0.0,3,28.494058292009868,6,3
140,0,-10.0,3,1.5023503330303356,6,3
140,1,-4.0,3,21.22332633298356,6,3
140,0,-6.0,3,2.5778726659482345,6,3
140,0,-5.0,3,9.820174249936828,6,3
140,0,-6.0,3,15.297724333941003,6,3
140,0,-4.0,3,9.441137957968747,6,3
140,0,1.0,4,37.30732016602997,6,3
140,0,-5.0,4,18.182352625066414,6,3
140,0,-3.0,4,19.450521041988395,6,3
140,0,-3.0,4,25.025326250004586,6,3
140,1,1.0,4,10.286234125029296,6,3
140,1,3.0,4,14.034016542020254,6,3
140,1,-3.0,4,10.735849207965655,6,3
140,0,1.0,4,1.200120166991837,6,3
140,1,-8.0,5,28.154564708005637,3,1
140,1,-5.0,5,34.089130333974026,3,2
140,0,-5.0,5,23.53437024995219,3,2
140,1,8.0,5,18.36604949994944,3,1
140,1,11.0,5,4.6081046250183135,3,2
140,0,-5.0,5,12.231096832896585,3,2
140,1,8.0,5,1.0396745830075815,3,1
140,1,8.0,5,4.769840458058752,3,1
140,0,5.0,6,39.00405500002671,5,3
140,1,3.0,6,22.584157124976628,5,2
140,0,-1.0,6,37.49247245793231,5,3
140,0,-7.0,6,4.083191499928944,5,2
140,1,0.0,6,27.100158749963157,5,2
140,0,-13.0,6,18.316622207988985,5,2
140,1,-8.0,6,4.904926125076599,5,3
140,0,-11.0,6,21.381455958005972,5,3
140,0,2.0,7,31.976477999938652,4,2
140,0,-2.0,7,16.088813542039134,4,3
140,0,0.0,7,36.68082616699394,4,2
140,0,0.0,7,23.454223292064853,4,3
140,1,7.0,7,5.303219959023409,4,1
140,1,7.0,7,23.25410408398602,4,2
140,1,9.0,7,6.39585408300627,4,1
140,1,5.0,7,15.711663458961992,4,2
141,1,2.0,1,2.979823708068579,6,3
141,1,2.0,1,9.028853124938903,6,3
141,0,-3.0,1,2.9700518749887124,6,3
141,0,2.0,1,2.5039997920393944,6,3
141,0,-3.0,1,13.990388124948367,6,3
141,1,-2.0,1,7.230813208967447,6,3
141,0,1.0,1,6.074881833977997,6,3
141,0,-3.0,1,12.296876040985808,6,3
141,0,-8.0,2,17.968500958988443,2,1
141,0,2.0,2,18.09945841599256,2,1
141,0,-8.0,2,3.4967349589569494,2,1
141,1,2.0,2,2.3214285420253873,2,1
141,1,-8.0,2,11.865262625040486,2,1
141,0,-8.0,2,1.5577445829985663,2,1
141,1,2.0,2,2.4155054580187425,2,1
141,1,2.0,2,4.489039874984883,2,1
141,0,-1.0,3,25.98765420797281,6,3
141,1,6.0,3,7.202520541031845,6,3
141,0,-1.0,3,3.446317791007459,6,3
141,1,12.0,3,2.3828204170567915,6,3
141,1,12.0,3,5.745704249944538,6,3
141,1,4.0,3,19.35579541604966,6,3
141,1,7.0,3,12.159722958109342,6,3
141,1,5.0,3,1.981776790926233,6,3
141,1,3.0,4,28.77356995898299,5,3
141,1,1.0,4,2.7705440000863746,5,3
141,0,-5.0,4,3.5316369580104947,5,2
141,1,-1.0,4,3.1471643750555813,5,3
141,0,-1.0,4,9.487655790988356,5,3
141,0,-7.0,4,5.4099100419553,5,2
141,0,-3.0,4,4.626984874950722,5,2
141,0,-3.0,4,9.644636834040284,5,2
141,1,2.0,5,18.228023041971028,4,2
141,1,8.0,5,6.021959332982078,4,1
141,0,2.0,5,9.408670707955023,4,2
141,1,3.0,5,7.327896790928207,4,2
141,1,9.0,5,9.00127591600176,4,1
141,0,-3.0,5,3.9470049580559134,4,3
141,1,3.0,5,6.961071584024467,4,2
141,0,-4.0,5,2.4253817909630015,4,3
141,1,4.0,6,16.47480516601354,4,3
141,1,5.0,6,8.541128208045848,4,2
141,1,5.0,6,13.724206582992338,4,2
141,0,-3.0,6,4.61408308299724,4,1
141,0,-4.0,6,7.289650916005485,4,2
141,1,4.0,6,2.6561459579970688,4,3
141,0,-3.0,6,3.9138966250466183,4,1
141,0,-4.0,6,1.6702509999740869,4,2
141,1,3.0,7,10.030755958054216,4,2
141,0,-7.0,7,9.514974042074757,4,2
141,0,-2.0,7,6.811201125034131,4,3
141,0,2.0,7,11.832757167052478,4,1
141,0,-3.0,7,4.266608875012025,4,2
141,1,7.0,7,0.5457511669956148,4,2
141,0,3.0,7,1.8734107919735832,4,2
141,1,-3.0,7,3.8474857500987127,4,2
142,0,-4.0,1,13.168106249999257,4,3
142,1,-5.0,1,6.087658665957861,4,2
142,1,-2.0,1,2.464686958002858,4,1
142,1,7.0,1,1.0098072909750044,4,3
142,0,10.0,1,3.8478082079673186,4,2
142,1,7.0,1,1.7747465840075165,4,3
142,1,9.0,1,0.8609098329907283,4,1
142,0,-2.0,1,1.0589124999241903,4,1
142,1,11.0,2,10.331768749980256,4,3
142,1,16.0,2,0.5084421670762822,4,2
142,0,4.0,2,0.998688208987005,4,2
142,0,7.0,2,4.807702791993506,4,1
142,0,11.0,2,2.6450053750304505,4,3
142,1,9.0,2,0.7363170830067247,4,1
142,1,9.0,2,0.0893284999765455,4,1
142,1,13.0,2,0.1009557500947266,4,3
142,1,2.0,3,0.942743416992016,4,2
142,1,-3.0,3,0.935971959028393,4,3
142,0,-3.0,3,1.617902250029147,4,2
142,0,2.0,3,1.2441165409982204,4,1
142,1,2.0,3,0.2571016249712556,4,2
142,1,2.0,3,0.1887450410285964,4,2
142,0,-3.0,3,0.2195441670482978,4,2
142,0,-3.0,3,0.2268058330519125,4,2
142,0,3.0,4,1.6770624170312658,3,2
142,1,8.0,4,0.0010699171107262,3,1
142,1,6.0,4,1.9125518329674376,3,1
142,1,8.0,4,0.946049457998015,3,1
142,0,3.0,4,1.6446675410261378,3,2
142,0,3.0,4,1.5215909999096766,3,2
142,1,8.0,4,0.5259963750140741,3,1
142,1,5.0,4,0.6435395419830456,3,2
142,0,3.0,5,1.032777874963358,3,1
142,1,5.0,5,0.2892637089826166,3,2
142,0,3.0,5,0.5726100000320002,3,1
142,1,7.0,5,0.1796679159160703,3,1
142,0,1.0,5,0.1049722080351784,3,2
142,1,5.0,5,0.0473265829496085,3,2
142,1,7.0,5,0.6018475840101019,3,1
142,0,1.0,5,2.133807250065729,3,2
142,1,-6.0,6,2.411606541951187,4,2
142,1,8.0,6,1.6023435830138624,4,2
142,1,8.0,6,0.5115242919418961,4,2
142,0,-18.0,6,1.2889002080773937,4,2
142,0,-4.0,6,0.2507754999678582,4,2
142,0,-4.0,6,0.900745667051524,4,2
142,1,-6.0,6,0.3994031659094617,4,2
142,0,-18.0,6,0.1282811659621074,4,2
142,0,-3.0,7,4.713746167020872,4,3
142,1,6.0,7,1.5688426670385525,4,2
142,1,9.0,7,0.5688929590396583,4,1
142,1,9.0,7,2.1650135000236332,4,1
142,1,-3.0,7,6.037243374972604,4,3
142,1,9.0,7,1.5240552090108397,4,1
142,0,0.0,7,1.1185927500482649,4,2
142,1,-3.0,7,2.8904742499580607,4,3
144,1,-2.0,1,17.061374499928206,2,1
144,0,-6.0,1,11.59739508293569,2,1
144,0,-8.0,1,5.798858999973163,2,2
144,1,-6.0,1,10.21451983298175,2,1
144,0,-2.0,1,12.563829999999143,2,1
144,1,-2.0,1,9.80157733289525,2,1
144,1,-6.0,1,4.125786749995314,2,1
144,1,-8.0,2,8.263018541969359,5,2
144,1,3.0,2,13.231185916927643,5,3
144,0,-3.0,2,3.544901166926138,5,2
144,1,0.0,2,3.959107083035633,5,2
144,0,-5.0,2,3.7283804579637945,5,3
144,0,-3.0,2,2.3288253750652075,5,2
144,1,-2.0,2,5.6248422500211746,5,3
144,0,-2.0,2,4.193187957978807,5,3
144,0,-5.0,3,14.799060790915972,4,3
144,0,-7.0,3,9.21863016707357,4,2
144,1,-6.0,3,5.332911125035025,4,1
144,0,-2.0,3,5.121796749997884,4,1
144,1,-8.0,3,8.853318625013344,4,2
144,0,-9.0,3,2.5558241669787094,4,3
144,1,-4.0,3,2.1039848329965025,4,2
144,1,-3.0,3,8.104735458968207,4,2
144,1,6.0,4,27.793586874962784,3,1
144,1,-7.0,4,7.750342375016771,3,1
144,1,6.0,4,9.758651499985715,3,1
144,1,8.0,4,2.942238457966596,3,2
144,0,6.0,4,2.623783832998015,3,1
144,1,-5.0,4,1.321182499988936,3,2
144,1,-5.0,4,2.7678005419438705,3,2
144,0,-5.0,4,3.2095094590913504,3,2
144,1,3.0,5,5.817767458036542,6,3
144,0,5.0,5,3.3863691249862313,6,3
144,1,2.0,5,8.72902087494731,6,3
144,1,8.0,5,11.088605249999093,6,3
144,1,11.0,5,3.002176292007789,6,3
144,0,-10.0,5,1.513300166931003,6,3
144,1,23.0,5,0.3390906659187749,6,3
144,1,10.0,5,6.094280375051312,6,3
144,1,7.0,6,11.841390916029924,2,1
144,1,5.0,6,9.543337457929738,2,2
144,1,5.0,6,3.449237124994397,2,2
144,0,-2.0,6,6.51148970797658,2,1
144,1,5.0,6,0.7394562499830499,2,2
144,0,-6.0,7,34.21143274998758,1,1
144,1,-6.0,7,6.463133207987994,1,1
144,1,-6.0,7,4.096318208030425,1,1
144,0,-6.0,7,4.993668624898419,1,1
146,1,-9.0,1,4.7884859999176115,4,3
146,0,0.0,1,0.6733965410385281,4,2
146,0,-7.0,1,1.0876747090369463,4,1
146,1,-9.0,1,1.3601528339786455,4,3
146,1,-7.0,1,0.6304086659802124,4,1
146,0,1.0,1,0.4555053340736776,4,1
146,1,-17.0,1,1.3464429170126095,4,3
146,1,-16.0,1,0.7286780839785933,4,2
146,0,-11.0,2,20.42851304204669,5,3
146,1,1.0,2,20.05422416597139,5,3
146,1,-2.0,2,35.56502737500705,5,2
146,0,-5.0,2,7.432279833010398,5,3
146,1,-2.0,2,7.590623209020123,5,2
146,0,-8.0,2,7.497574500041083,5,2
146,0,-5.0,2,7.570487792021595,5,3
146,1,4.0,2,12.218932209070772,5,2
146,0,3.0,3,22.162233207956888,6,3
146,0,-1.0,3,58.62011995795183,6,3
146,1,3.0,3,3.602947917068377,6,3
146,1,-1.0,3,8.469228250090964,6,3
146,0,-1.0,3,18.296157957985997,6,3
146,1,-1.0,3,23.731799916015007,6,3
146,1,3.0,3,15.917514250031672,6,3
146,1,3.0,3,11.03945533290971,6,3
146,0,-1.0,4,77.4158242919948,6,3
146,1,6.0,4,18.965493542025797,6,3
146,1,3.0,4,30.297704834025353,6,3
146,1,6.0,4,27.556774249998853,6,3
146,1,2.0,4,5.796859125024639,6,3
146,1,6.0,4,15.213187291985378,6,3
146,0,-1.0,4,13.293373082997276,6,3
146,0,-1.0,4,10.28934512496926,6,3
146,0,-1.0,5,63.394805374904536,6,3
146,0,-3.0,5,9.491680709063075,6,3
146,0,-1.0,5,36.05053441703785,6,3
146,1,4.0,5,22.96788699994795,6,3
146,1,2.0,5,29.891133249970153,6,3
146,0,-1.0,5,30.658428499940783,6,3
146,1,2.0,5,11.19474137504585,6,3
146,1,2.0,5,13.053318749996834,6,3
146,0,-5.0,6,29.26367916702293,6,3
146,0,-5.0,6,12.722204916994087,6,3
146,0,-3.0,6,10.95868641708512,6,3
146,0,-4.0,6,20.614885124959983,6,3
146,0,-2.0,6,34.303816208965145,6,3
146,0,-4.0,6,84.69415454100817,6,3
146,0,-2.0,6,43.87406579207163,6,3
146,0,-3.0,6,13.06009066698607,6,3
146,1,1.0,7,45.8990796249127,6,3
146,0,3.0,7,152.27615637495182,6,3
146,1,2.0,7,27.881936499965377,6,3
146,1,4.0,7,14.560738582978956,6,3
146,1,8.0,7,18.19422562501859,6,3
146,1,4.0,7,15.132721500005571,6,3
146,0,-3.0,7,11.176918874960393,6,3
146,1,1.0,7,13.018781541963108,6,3
148,1,-2.0,1,2.6414008330000343,4,3
148,1,0.0,1,0.5371443330000147,4,2
148,0,-2.0,1,0.5857326660000126,4,1
148,1,-1.0,1,0.5621063749999848,4,3
148,0,-8.0,1,0.3590674170000056,4,1
148,0,-3.0,1,0.7448807089999718,4,2
148,1,5.0,1,0.7214069169999675,4,3
148,1,-1.0,1,1.517812499999991,4,1
148,1,5.0,2,9.440499833000104,6,3
148,0,-10.0,2,2.470868833000168,6,3
148,0,-3.0,2,4.077915500000017,6,3
148,1,-3.0,2,6.469619125000008,6,3
148,1,-2.0,2,0.112367666999944,6,3
148,0,-2.0,2,5.733627333000186,6,3
148,1,1.0,2,5.530893749999905,6,3
148,1,-6.0,2,0.3675399590001689,6,3
148,0,6.0,3,11.81124204200023,5,3
148,1,4.0,3,3.944195374999708,5,2
148,1,7.0,3,2.44825287499998,5,2
148,1,7.0,3,3.3184458750001795,5,2
148,1,10.0,3,4.607186708999961,5,3
148,1,3.0,3,3.487195249999786,5,3
148,0,0.0,3,0.3837042920004023,5,2
148,1,3.0,3,5.120489375000034,5,3
148,0,-3.0,4,11.488567540999613,6,3
148,1,-3.0,4,6.6164839590001066,6,3
148,0,-3.0,4,5.760221457999705,6,3
148,1,-3.0,4,0.9302515419999507,6,3
148,1,-3.0,4,2.009503540999958,6,3
148,1,5.0,4,6.73748708300036,6,3
148,0,-3.0,4,3.076518708000094,6,3
148,1,-11.0,4,3.4631569170001058,6,3
148,1,-1.0,5,6.990384833999997,6,3
148,1,-2.0,5,6.917083542,6,3
148,0,-7.0,5,6.234179125000082,6,3
148,0,-1.0,5,5.958317999999963,6,3
148,1,-4.0,5,5.705073791999894,6,3
148,0,-7.0,5,3.4536511669998617,6,3
148,0,-4.0,5,2.1850147089999155,6,3
148,0,-6.0,5,4.979423082999801,6,3
148,0,0.0,6,7.559010957999817,6,3
148,0,-6.0,6,1.917241125000146,6,3
148,1,1.0,6,2.8631457080000473,6,3
148,0,-6.0,6,1.5099063330003446,6,3
148,0,-7.0,6,0.2636640000000625,6,3
148,1,0.0,6,2.3624921250002444,6,3
148,0,-7.0,6,0.6288983330000519,6,3
148,1,1.0,6,6.037921958999959,6,3
148,1,-5.0,7,0.8849248329997863,5,2
148,1,-5.0,7,0.36727774999963,5,3
148,1,3.0,7,0.1538596669997787,5,3
148,1,-1.0,7,2.4816576249995705,5,3
148,1,3.0,7,0.3026487079996514,5,2
148,0,-1.0,7,0.4194060830004673,5,2
148,0,1.0,7,9.98290100000031,5,3
148,1,-3.0,7,2.614725417000045,5,2
149,0,2.0,1,73.2519602909997,5,3
149,1,10.0,1,4.878595875000428,5,2
149,1,4.0,1,23.681443165999553,5,2
149,1,10.0,1,7.324483708000116,5,2
149,1,10.0,1,26.058002167000268,5,2
149,1,2.0,1,31.096307832999628,5,3
149,0,8.0,1,4.1287572080000245,5,3
149,0,2.0,1,7.628127874999336,5,3
149,0,-7.0,2,55.45277358400017,5,3
149,0,2.0,2,75.88732958400033,5,3
149,0,-5.0,2,4.069804374999876,5,3
149,1,2.0,2,12.962613458001217,5,2
149,0,2.0,2,40.52024150000034,5,2
149,0,-5.0,2,4.972981332999552,5,2
149,1,4.0,2,17.098829584001578,5,2
149,0,-5.0,2,6.136110750001535,5,3
149,1,1.0,3,22.16444945799958,6,3
149,0,8.0,3,14.832747417000064,6,3
149,1,6.0,3,33.54439554199962,6,3
149,1,1.0,3,10.41013991699947,6,3
149,1,8.0,3,19.3628130420002,6,3
149,1,8.0,3,10.99522641600015,6,3
149,0,1.0,3,7.968165874999613,6,3
149,1,3.0,3,14.572941792001076,6,3
149,1,6.0,4,51.885494083000594,6,3
149,1,3.0,4,10.613836250000531,6,3
149,0,-2.0,4,10.001785208,6,3
149,0,1.0,4,28.2983666250002,6,3
149,0,1.0,4,8.615466375000324,6,3
149,0,1.0,4,14.852552791999187,6,3
149,1,3.0,4,15.202893083000165,6,3
149,1,3.0,4,11.71126033300061,6,3
149,1,7.0,5,3.638411208001344,4,2
149,0,16.0,5,9.387209374999657,4,2
149,0,-9.0,5,22.788022499998988,4,2
149,1,16.0,5,3.766777291999461,4,2
149,1,0.0,5,28.81564462499955,4,2
149,0,-9.0,5,7.306493209000109,4,2
149,1,16.0,5,1.89895924999837,4,2
149,0,-9.0,5,15.673673999999664,4,2
149,1,-1.0,6,24.23490504199981,6,3
149,0,-3.0,6,5.277160499999809,6,3
149,0,-1.0,6,30.71141554099995,6,3
149,0,-2.0,6,13.72891887500009,6,3
149,0,-4.0,6,24.776591374999043,6,3
149,0,-4.0,6,7.455234458000632,6,3
149,0,-1.0,6,12.770917249999911,6,3
149,0,-4.0,6,29.798626166999384,6,3
149,0,-7.0,7,12.58745799999997,3,1
149,0,-7.0,7,14.368854124999416,3,1
149,0,15.0,7,20.872824084000968,3,2
149,1,15.0,7,16.38004125000043,3,2
149,0,-7.0,7,18.80155920800098,3,1
149,1,9.0,7,11.771973499999149,3,1
149,0,-1.0,7,8.248313916999905,3,2
149,0,15.0,7,17.334064582999417,3,2
150,0,-5.0,1,40.80027549999977,6,3
150,0,-1.0,1,20.41174837499966,6,3
150,0,-2.0,1,22.026961916999426,6,3
150,1,2.0,1,19.352647375000743,6,3
150,1,5.0,1,17.717367917000956,6,3
150,0,-2.0,1,17.587575749999814,6,3
150,1,1.0,1,16.9068502909995,6,3
150,1,2.0,1,15.155120957999316,6,3
150,1,3.0,2,58.22159724999983,6,3
150,1,7.0,2,41.17830387499998,6,3
150,0,-1.0,2,18.832846084000263,6,3
150,1,3.0,2,20.642862541000795,6,3
150,1,3.0,2,26.14837974999864,6,3
150,1,3.0,2,21.110333500000703,6,3
150,1,1.0,2,20.02482641700044,6,3
150,1,5.0,2,9.25202524999986,6,3
150,0,-2.0,3,35.849033374999635,6,3
150,0,-6.0,3,18.466269291999197,6,3
150,0,-3.0,3,19.173672249999072,6,3
150,0,-3.0,3,12.965666000000056,6,3
150,0,-2.0,3,12.200053332999232,6,3
150,0,-3.0,3,17.516627125000014,6,3
150,1,1.0,3,14.28091250000034,6,3
150,0,-2.0,3,11.446311208001134,6,3
150,1,4.0,4,50.20493945800081,6,3
150,0,5.0,4,101.82119354199858,6,3
150,1,2.0,4,53.42925133300014,6,3
150,1,1.0,4,14.44437066699902,6,3
150,1,5.0,4,14.007528125001045,6,3
150,0,-1.0,4,6.336846707999939,6,3
150,1,1.0,4,9.743578499999783,6,3
150,1,7.0,4,15.354175208001834,6,3
150,0,-2.0,5,25.514274542001655,6,3
150,0,-1.0,5,16.221718791999592,6,3
150,1,3.0,5,10.382180915999925,6,3
150,0,-2.0,5,20.332863040999655,6,3
150,0,-6.0,5,4.231366624997463,6,3
150,0,-1.0,5,10.285687957999473,6,3
150,0,-2.0,5,12.422288166999351,6,3
150,0,-1.0,5,11.012248415998329,6,3
150,1,1.0,6,63.97941387500032,6,3
150,0,-2.0,6,16.948476542002027,6,3
150,1,1.0,6,17.01937341699886,6,3
150,1,1.0,6,23.06712716599941,6,3
150,0,-12.0,6,9.51551766600096,6,3
150,0,-12.0,6,9.260519041999942,6,3
150,0,-9.0,6,7.72079154200037,6,3
150,0,-12.0,6,9.965560166001524,6,3
150,1,3.0,7,57.66331391699714,6,3
150,1,5.0,7,13.600915374998294,6,3
150,1,1.0,7,20.17136208300144,6,3
150,1,3.0,7,20.458823542001483,6,3
150,1,1.0,7,17.934502084000997,6,3
150,1,2.0,7,18.86379320899869,6,3
150,1,4.0,7,9.33602299999984,6,3
150,1,5.0,7,8.3286243750008,6,3
